Date,Content,Source
2024-08-03 06:54:00,Vụ tai nạn lao động tại Nhà máy nghiền xỉ thải phốt pho ở Lào Cai làm 2 người chết và 4 người bị thương. Cơ quan điều tra đã khởi tố vụ án vi phạm quy định về an toàn lao động. Nguyên nhân ban đầu do đứt cáp khi kéo cabin chở công nhân lên cao.,https://soha.vn/khoi-to-vu-dut-cap-cau-thap-lam-6-nguoi-thuong-vong-o-lao-cai-19824080209511614.htm
2024-08-03 07:18:00,"Nam thanh niên hoảng sợ khi bị 141 dừng xe trên đường Trường Chinh. Sau thời gian quanh co, anh ta giao nộp gói giấy bạc chứa heroin cho công an. Sự việc đang được điều tra bởi Công an phường Phương Mai.",https://soha.vn/bi-141-dung-xe-nam-thanh-nien-run-ray-dua-cho-to-cong-tac-mot-vat-la-198240803065226881.htm
2024-08-02 14:10:00,"Ông Đinh Minh Hiệp, Giám đốc Sở Nông nghiệp và Phát triển nông thôn TP.HCM, bị bắt vì vi phạm quy định về đấu thầu gây hậu quả nghiêm trọng.",https://soha.vn/bat-giam-doc-so-nong-nghiep-phat-trien-nong-thong-tphcm-198240802141042196.htm
2024-08-02 12:17:00,Thứ trưởng Bộ Công an Lê Quốc Hùng thông tin rằng cựu bộ trưởng Chu Ngọc Anh sẽ được xem xét đặc xá nếu đáp ứng đủ điều kiện. Quyết định này nhằm đảm bảo sự công bằng và bình đẳng cho tất cả phạm nhân.,https://soha.vn/bo-cong-an-ong-chu-ngoc-anh-neu-du-dieu-kien-se-duoc-xem-xet-dac-xa-198240802121646243.htm
2024-08-02 18:05:00,Công an Bình Dương đã giải thích lý do đưa hai tình nguyện viên hút đinh về trụ sở. Cảnh báo an toàn giao thông và kiểm tra mục đích quay video là những điểm được nhắc đến.,https://soha.vn/cong-an-binh-duong-noi-gi-ve-viec-hiep-si-hut-dinh-bi-dua-ve-tru-so-198240802174139345.htm
2024-08-02 19:35:00,"Công an TP Buôn Ma Thuột đã khởi tố và bắt tạm giam tài xế Trần Doãn Tùng, người điều khiển xe bán tải gây tai nạn làm 3 người tử vong. Vụ việc xảy ra trên Quốc lộ 26, khi tài xế lấn làn và va chạm trực diện với xe máy của gia đình nạn nhân.",https://soha.vn/bat-giam-tai-xe-xe-ban-tai-tong-3-nguoi-tu-vong-198240802193552633.htm
2024-08-02 07:02:00,Vụ việc xảy ra tại quán bia ở Sóc Sơn khi Vũ Văn Huy đã chém anh H và Đ sau mâu thuẫn. Công an đã bắt giữ Huy để điều tra về hành vi giết người. Tình trạng của các nạn nhân hiện đang được làm rõ.,https://soha.vn/vu-van-huy-chem-nguoi-trong-quan-bia-198240802061940004.htm
2024-08-02 13:40:00,"Nhà hàng G&G trên đường Nguyễn Thái Bình, Quận 1, cho hơn 120 tiếp viên bán dâm cho người nước ngoài, thu lợi 10 tỷ đồng chỉ sau 2 tháng hoạt động. Công an TP.HCM đã bắt khẩn cấp nhiều đối tượng liên quan để điều tra về hành vi môi giới mại dâm.",https://soha.vn/nha-hang-cho-nhan-vien-ban-dam-thu-10-ty-sau-2-thang-hoat-dong-198240802132725548.htm
2024-08-02 16:15:00,"Sau chầu nhậu, Ksor SiLêm đã bóp cổ và xâm hại bé gái 7 tuổi đến bất tỉnh. Vụ việc xảy ra tại huyện Ea H'leo, tỉnh Đắk Lắk. Ksor SiLêm sau đó đã bỏ trốn nhưng bị công an bắt giữ sau 9 ngày. Vụ án đang được điều tra làm rõ.",https://soha.vn/be-gai-7-tuoi-bi-bop-co-hiep-dam-den-bat-tinh-198240802161441381.htm
2024-08-02 13:10:00,Người mẹ dụ dỗ con gái bán dâm thiếu niên để kiếm tiền. Vụ việc xảy ra tại TP.HCM khi mẹ bán con cho người quen. Công an đã truy tố cả hai người liên quan đến hành vi mua dâm thiếu niên.,https://soha.vn/me-ban-cai-ngan-vang-cua-con-gai-cho-nguoi-quen-giai-den-198240802092336545.htm
2024-08-02 12:05:00,"Ông Trần Quốc Tân, Chủ tịch Công ty Tân Tân, bị truy tố về tội Trốn thuế và Không chấp hành án . Em trai ông, Trần Quốc Tuấn, cũng bị truy tố vì không chấp hành án. Công ty Tân Tân từng kinh doanh đậu phộng nhưng ngừng hoạt động từ năm 2013.",https://soha.vn/truy-to-chu-tich-cong-ty-dau-phong-tan-tan-va-em-trai-198240802120222694.htm
2024-08-02 11:30:00,Công an TP Đà Nẵng thông báo tìm kiếm các bị hại của Nguyễn Thị Thúy Kiều trong vụ án lừa đảo chiếm đoạt tài sản từ năm 2019 đến 2022.,https://soha.vn/cong-an-tim-bi-hai-cua-thuy-kieu-198240802112008198.htm
2024-08-02 11:07:00,Công an TP HCM đã tạm giữ Madam Yến cùng nhiều đồng phạm tại một nhà hàng ở quận 1 do hành vi môi giới mại dâm. Nhà hàng này chỉ phục vụ khách nước ngoài và có chiêu thức quảng cáo tinh vi trên mạng xã hội.,https://soha.vn/cong-an-tp-hcm-tam-giu-madam-yen-198240802110411538.htm
2024-08-02 10:43:00,"Khi đang du lịch Châu Âu, bà L.T.A.T. tại quận 7 nhận tin nhà bị trộm cắp tài sản. Công an TP HCM đã tạm giữ Ngụy Vĩnh Điềm và Chen Dao Hong, thu hồi nhiều tài sản giá trị.",https://soha.vn/trom-dot-nhap-nha-mot-dai-gia-o-quan-7-lay-nhieu-tai-san-198240802102501012.htm
2024-08-02 10:34:00,"Hồ Văn Hai nghĩ bị nói xấu nên đã dùng rựa chém bố bạn để trả thù. Sự việc xảy ra tại xã Lìa, huyện Hướng Hóa, Quảng Trị. Công an đã bắt tạm giam và khởi tố vụ án giết người này.",https://soha.vn/nghi-bi-noi-xau-thanh-nien-vac-rua-chem-bo-ban-de-tra-thu-198240802101128554.htm
2024-08-02 10:23:00,"Công an tỉnh Tây Ninh đã triệt phá băng nhóm tội phạm xuyên quốc gia, mua bán trái phép thông tin tài khoản ngân hàng quy mô 25.000 tỷ đồng. Các đối tượng đã bị bắt giữ và khởi tố.",https://soha.vn/dap-tan-bang-nhom-mua-ban-trai-phep-tai-khoan-ngan-hang-lon-hang-dau-viet-nam-quy-mo-25000-ty-dong-19824080210235723.htm
2024-08-02 09:47:00,"Vụ phóng hoả đốt nhà xảy ra lúc 3h sáng khiến hai vợ chồng anh A Thiếu và chị Y Doanh bỏng nặng. Nhà bằng gỗ nên cháy nhanh, may mắn được hàng xóm cứu. Công an Đăk Tô đang điều tra nguyên nhân vụ phóng hoả.",https://soha.vn/nghi-an-phong-hoa-dot-nha-luc-rang-sang-hai-vo-chong-bong-nang-198240802094012321.htm
2024-08-02 09:32:00,"Đi nhậu về, Phạm Tuấn Anh ở Thanh Hóa vô cớ gây sự rồi đánh em gái và bố mẹ gây thương tích. Hiện Công an TP Thanh Hóa đã khởi tố vụ án và tạm giam đối tượng để điều tra.",https://soha.vn/di-nhau-ve-danh-bo-me-va-em-gai-bi-thuong-198240802092626395.htm
2024-08-02 07:59:00,"Công an TP Hồ Chí Minh đã bắt giữ Hoàng Long vì lừa đảo chiếm đoạt xe máy. Long mượn xe chạy thử nhưng không quay lại, khiến chủ xe báo công an. Sau khi điều tra, công an đã bắt Long tại Đồng Nai và thu hồi xe.",https://soha.vn/bat-giu-doi-tuong-muon-xe-chay-thu-nhung-di-mai-khong-ve-198240802073600676.htm
2024-08-02 07:35:00,Bộ Công an đề xuất dự án Luật Thi hành án hình sự (sửa đổi) với quy định giám sát điện tử cho người chấp hành án tại cộng đồng nhằm nâng cao hiệu quả quản lý và phòng ngừa vi phạm.,https://soha.vn/nguoi-chap-hanh-an-ngoai-cong-dong-se-phai-deo-thiet-bi-giam-sat-dien-tu-198240802072834285.htm
2024-08-02 07:11:00,"Công an huyện Hoài Đức đã nhiều lần triệu tập đối tượng Long Nhất Mưu nhưng đối tượng không có mặt tại nơi cư trú, chưa rõ đi đâu.",https://soha.vn/bat-qua-tang-doi-nam-nu-dang-mua-ban-dam-trong-quan-karaoke-198240802063237452.htm
2024-08-02 22:04:00,"Sáng 1/8, lô xe VinFast VF 3 đầu tiên đã được bàn giao đến tay khách hàng sớm hơn dự kiến.",https://soha.vn/vinfast-vf-3-ban-giao-ben-canh-mua-loi-khen-xuat-hien-mot-cau-hoi-quan-trong-198240801165332632.htm
2024-08-02 12:04:00,"Mẫu xe này tiếp tục có 'đáy' mới tại đại lý, SUV hạng B mà rẻ hơn Hyundai i10 hay Kia Morning bản cao cấp.",https://soha.vn/suv-hang-b-re-nhat-viet-nam-giam-ky-luc-150-trieu-re-hon-hyundai-i10-morning-ban-cao-cap-198240731162558099.htm
2024-08-02 07:21:00,"VinFast VF 3 là một mẫu xe mini, liệu có đủ không gian với một người cao lớn?",https://soha.vn/lai-thu-vinfast-vf-3-hang-ghe-thu-hai-co-du-cho-nguoi-cao-18-met-198240801172155171.htm
2024-08-02 13:04:00,"Không rõ vì lý do gì mà ứng cử viên đảng Cộng hoà này lại ‘quay xe’, ngay cả khi Elon Musk công khai đứng về phe ông.",https://soha.vn/donald-trump-toi-se-chong-lai-bat-cu-ai-co-xe-dien-198240802104155216.htm
2024-08-02 21:43:00,"Các chuyên gia cho biết, giấm trắng không chỉ tốt cho sức khỏe, đánh bay vết bẩn ở nhiều vật dụng khác mà còn có công dụng tuyệt vời với ô tô.",https://soha.vn/cach-su-dung-giam-trang-de-lam-moi-o-to-it-tai-xe-biet-198240802103944455.htm
2024-08-02 20:47:00,"Với giá thành rẻ, xe điện Trung Quốc có thể đáp ứng đồng thời nhiều tiêu chí mà người tiêu dùng nước này cần.",https://soha.vn/xe-dien-trung-quoc-tran-sang-mot-quoc-gia-lien-luc-dia-chay-nhan-nhan-tren-duong-198240802102311199.htm
2024-08-02 18:23:00,Đây là mức giá hiếm có của một mẫu xe côn tay hơn 300cc tại thị trường Việt.,https://soha.vn/chua-tung-co-trong-lich-su-vua-con-tay-321cc-cua-yamaha-giam-dam-gan-44-trieu-dong-198240802092414848.htm
2024-08-02 17:10:00,"Nghiên cứu khoa học chỉ ra rằng, màu tối hấp thụ nhiều ánh sáng mặt trời hơn so với màu sáng, khiến những vật màu tối, đặc biệt màu đen nhanh bị nóng hơn.",https://soha.vn/vi-sao-xe-mau-sang-do-duoi-troi-nang-lai-mat-hon-xe-mau-toi-198240802142316908.htm
2024-08-02 16:13:00,"Phiên bản mui trần của Pagani Utopia được sản xuất giới hạn chỉ 130 chiếc trên toàn cầu, đi kèm mức giá 3,4 triệu USD chưa bao gồm các tùy chọn bổ sung.",https://soha.vn/chiem-nguong-sieu-pham-pagani-utopia-roadster-vua-trinh-lang-198240802144227257.htm
2024-08-02 15:15:00,"Ra mắt tại Triển lãm ô tô quốc tế Gaikindo Indonesia 2024, Toyota Land Cruiser 300 GR Sport được trang bị động cơ turbodiesel 3.3L công suất 300 mã lực/700 Nm.",https://soha.vn/kham-pha-toyota-land-cruiser-300-gr-sport-2024-vua-xuat-hien-198240802142759761.htm
2024-08-02 14:11:00,"Lô xe VinFast VF 3 đã chính thức được bàn giao đến tay khách hàng. Xe được đánh giá có chất lượng hoàn thiện tốt và mức giá dễ tiếp cận, triển vọng tạo ra bùng nổ doanh số trong nửa cuối 2024.",https://soha.vn/anh-thuc-te-vinfast-vf-3-phien-ban-thuong-mai-198240802093807609.htm
2024-08-02 11:10:00,Nhiều mẫu ô tô của Honda tiếp tục được hãng áp dụng chương trình ưu đãi phí trước bạ hoặc giảm trực tiếp hàng trăm triệu đồng.,https://soha.vn/hang-loat-o-to-honda-giam-gia-manh-tay-trong-thang-8-cao-nhat-toi-220-trieu-dong-198240802102708529.htm
2024-08-02 10:35:00,"Mẫu SUV cỡ nhỏ của Skoda là Kamiq đã thay đổi về thiết kế và gia tăng giá trị sử dụng ở phân khúc giá ""mềm""",https://soha.vn/skoda-kamiq-2024-ngay-cang-ve-gan-viet-nam-gia-quy-doi-tu-557-trieu-dong-nhieu-cong-nghe-an-xang-chi-55-lit-100km-dau-seltos-xforce-198240802091154062.htm
2024-08-02 10:06:00,Siêu máy bay bay thân rộng Boeing 787-10 của Vietnam Airlines vừa chính thức hạ cánh tại sân bay Nội Bài. Đây là chiếc Boeing 787-10 thứ 5 và là máy bay thân rộng thứ 30 gia nhập đội bay của Hãng hàng không Quốc gia.,https://soha.vn/kham-pha-sieu-may-bay-than-rong-boeing-787-10-cua-vietnam-airlines-19824080209331632.htm
2024-08-02 09:14:00,Một số thông tin rò rỉ về thế hệ Suzuki Swift Sport mới đã xuất hiện tại Nhật.,https://soha.vn/suzuki-swift-sport-2025-lo-thong-tin-may-14l-hybrid-nhe-hon-70kg-ra-mat-thang-9-198240802090503731.htm
2024-08-02 21:07:00,"Nhiều du khách chưa hề biết tới sự xuất hiện của đồi cỏ rộng lớn, tựa như những thảo nguyên bao la ở nước ngoài này ngay miền Bắc nước ta.",https://soha.vn/phat-hien-doi-co-nhu-thao-nguyen-nuoc-ngoai-ngay-mien-bac-cach-ha-noi-hon-300km-cuc-ly-tuong-de-san-may-198240802094420429.htm
2024-08-02 20:06:00,Hãy xem bạn nằm trong số 2 con giáp có quý nhân trợ giúp hay là con giáp cần thận trọng trong tháng 7 âm nhé.,https://soha.vn/het-thang-6-am-co-2-con-giap-duoc-quy-nhan-tro-giup-1-con-giap-lai-can-than-trong-198240728205301658.htm
2024-08-02 19:02:00,Sự việc bị phát hiện khiến nhiều người tiêu dùng hoang mang.,https://soha.vn/dau-bep-khach-san-cho-thuoc-chong-tieu-chay-vao-thuc-an-canh-sat-vao-cuoc-mot-nguoi-phai-ngoi-tu-198240802112313456.htm
2024-08-02 18:22:00,"Mít là loại trái cây khoái khẩu của nhiều người, nhưng không phải ai cũng biết cách xử lý khi thấy xơ mít nhà mình chuyển sang màu đen.",https://soha.vn/xo-mit-chuyen-sang-mau-den-co-sao-khong-co-an-duoc-khong-thi-ra-bay-lau-nay-rat-nhieu-nguoi-hieu-sai-198240802095821111.htm
2024-08-02 14:03:00,"Ngày rước dâu, người dân trong thôn vẫn không dám tin một người có gia cảnh nghèo khó như anh Thẩm lại lấy được cô vợ trẻ trung xinh đẹp như vậy.",https://soha.vn/anh-nong-dan-ngheo-lay-duoc-my-nhan-ukraine-cuoc-song-hon-nhan-gian-di-nhung-khien-ai-cung-ganh-ti-198240802140333971.htm
2024-08-02 10:32:00,Cảnh sát đã được mời vào cuộc để kiểm tra những sai lầm bất thường này.,https://soha.vn/trung-quoc-nhan-diem-cua-con-phu-huynh-thay-bat-thuong-phat-hien-100-loi-cham-sai-trong-60-bai-thi-198240801211411314.htm
2024-08-02 12:01:00,"Hôm đó, người đàn ông thấy xe của vợ đỗ bên ngoài nhà hàng xóm nên đã xông vào nhà người này. Sự ghen tuông mù quáng đã biến người đàn ông thành kẻ sát nhân.",https://soha.vn/nghi-ngo-hang-xom-vung-trom-voi-vo-minh-chong-chem-tu-vong-doi-phuong-thai-do-sau-do-gay-soc-198240802104632677.htm
2024-08-02 07:33:00,"Cô Đinh rời trạm xăng ở Giang Tô, ô tô chết máy do xăng nhiễm nước. Đội kỹ thuật xác nhận xăng bị pha nước gây hư hỏng động cơ. Cần chú ý khi đổ xăng để tránh tình trạng này.",https://soha.vn/vua-roi-tram-xang-500m-thi-o-to-chet-may-nu-tai-xe-tai-mat-khi-biet-thu-pham-la-1-thu-quen-thuoc-198240801185503148.htm
2024-08-03 07:00:00,"Sau khi biết sự tình, cô giáo liền nhắn tin với phụ huynh.",https://soha.vn/thay-soi-day-tho-ra-tu-cap-cua-hoc-sinh-co-giao-to-mo-keo-thu-roi-ha-hoc-mieng-vi-thu-o-dau-con-lai-198240802192241699.htm
2024-08-03 00:36:00,"Cách TPHCM chỉ vài giờ di chuyển địa điểm “săn mây"" này khiến nhiều người ngỡ ngàng vì quá huyền bí.",https://soha.vn/chua-tung-thay-o-sat-tphcm-van-co-the-san-may-tam-suoi-het-nhu-ta-xua-hay-tay-nguyen-hung-vi-198240802231239506.htm
2024-08-02 23:40:00,"Đáp lại câu hỏi, ông Hoàng không trả lời trực tiếp mà chỉ trấn an: ""Đừng lo, có con thì cứ đẻ thôi!"".",https://soha.vn/chong-bat-gian-tai-tran-vo-ngoai-tinh-ke-thu-3-la-nguoi-co-chuc-quyen-dia-vi-xa-hoi-19824080220582005.htm
2024-08-02 22:31:00,"Nhìn thấy email báo trúng độc đắc trong hòm thư rác, ban đầu người phụ nữ nghĩ đó là thư lừa đảo, cho đến khi xác nhận với công ty xổ số.",https://soha.vn/phat-hien-minh-trung-so-doc-dac-hon-5-ty-dong-khi-kiem-tra-hom-thu-rac-198240802174834663.htm
2024-08-02 22:00:00,"Nhiều người chỉ biết thốt lên 2 chữ ""duyên phận"" khi biết đến mối tình này.",https://soha.vn/tinh-yeu-co-tro-chenh-lech-6-tuoi-gay-sot-mxh-nhin-ky-anh-tot-nghiep-phat-hien-1-chi-tiet-trung-hop-dung-la-duyen-tien-dinh-198240802170021772.htm
2024-08-02 21:25:00,"Gương không chỉ để trang trí, đáp ứng nhu cầu sử dụng trong nhà mà còn liên quan mật thiết đến phong thủy.",https://soha.vn/7-vi-tri-khong-nen-dat-guong-trong-nha-xua-duoi-van-may-anh-huong-cuoc-song-198240802141730234.htm
2024-08-02 20:39:00,Tôi không chấp nhận việc gửi một số tiền khá lớn so với mức thu nhập chung của vợ chồng về nhà nội.,https://soha.vn/deu-dan-dua-vo-10-trieu-thang-bong-dung-chong-ep-toi-gui-4-trieu-ve-nha-noi-ly-do-nghe-xong-ai-cung-choang-198240802141450263.htm
2024-08-02 20:20:00,"Sau trải nghiệm của mình, ông Dương chia sẻ rằng, sau 60 tuổi, tốt nhất là không nên đi làm kiếm tiền nữa vì 2 lý do.",https://soha.vn/toi-63-tuoi-luong-huu-6-trieu-dong-thang-van-lam-lao-cong-luong-12-trieu-met-den-muc-nhap-vien-nhan-ra-gia-roi-phai-dung-cat-luc-kiem-tien-198240802140914467.htm
2024-08-02 18:01:00,"Tìm hiểu 2 cách đơn giản và an toàn để ép mít chín nhanh không cần dùng hóa chất. Đảm bảo mít chín ngọt thơm, giữ nguyên giá trị dinh dưỡng. Áp dụng ngay để có quả mít thơm ngon!",https://soha.vn/2-cach-don-gian-ep-mit-chin-nhanh-ma-khong-dung-hoa-chat-198240802095838033.htm
2024-08-02 17:31:00,Người không có tiền nghèo ở cái đầu chứ không phải cái ví.,https://soha.vn/dau-hieu-cua-mot-nguoi-sap-tro-nen-giau-co-biet-duoc-4-nguyen-tac-dao-ra-tien-nay-198240802094942041.htm
2024-08-02 17:00:00,"Đôi khi, nhắn tin cũng là một ""nghệ thuật"".",https://soha.vn/nguoi-eq-cao-thuong-tra-loi-tin-nhan-cua-ban-theo-cach-nhu-the-nay-198240802094655638.htm
2024-08-02 16:26:00,"Tôi cứ tưởng chồng hết cơ hội trăng hoa khi thất nghiệp, ở nhà lo cơm nước, không ngờ chỉ công việc đổ rác cũng giúp anh có bồ và còn khiến cô hàng xóm mang thai.",https://soha.vn/chong-toi-chi-di-do-rac-cung-kip-khien-co-hang-xom-co-bau-198240802142653279.htm
2024-08-02 16:02:00,Lớp bọt màu xám khi luộc thịt liệu có phải chất bẩn? Tìm hiểu xem có nên hớt bỏ lớp bọt này để món ăn thêm đậm đà và thơm ngon hơn.,https://soha.vn/co-nen-hot-bot-khi-luoc-thit-198240802095201831.htm
2024-08-02 15:28:00,Không một ai ngờ chuyện như vậy có thể xảy ra với họ.,https://soha.vn/nha-hang-xom-giau-nhat-khu-dong-cua-ca-thang-khong-ai-ra-vao-moi-nguoi-ngo-ngang-khi-biet-nguyen-nhan-198240802102019385.htm
2024-08-02 15:08:00,"20 tuổi, đã là sinh viên đại học nhưng Li vẫn bị cha mẹ giám sát đến nghẹt thở; mới đây cô đến đồn cảnh sát tố cáo việc cha mẹ lắp camera trong phòng ngủ của mình.",https://soha.vn/co-gai-20-tuoi-to-cao-cha-me-quai-dan-lap-camera-quay-len-trong-phong-ngu-198240802071014957.htm
2024-08-02 14:48:00,Bạn nghĩ sao về vụ việc này?,https://soha.vn/con-do-dh-me-to-chuc-tiec-chuc-mung-linh-dinh-nhu-dam-cuoi-len-san-khau-khoe-thanh-tich-cua-con-thi-nhan-ve-cai-ket-e-che-198240802140713269.htm
2024-08-02 14:31:00,"Người đàn ông Trung Quốc quyết định tái hôn sau 10 năm kể từ khi vợ mất, nhưng bị các con phản đối và muốn đòi lại tài sản thừa kế từ mẹ.",https://soha.vn/vo-qua-doi-nguoi-dan-ong-80-tuoi-bi-3-con-kien-ra-toa-doi-thua-ke-tai-san-sau-1-su-viec-toa-an-co-phan-quyet-bat-ngo-198240802070523363.htm
2024-08-02 13:34:00,"Dù đã ký đơn ly hôn, người phụ nữ vẫn dằn vặt về lời nói của tiểu tam rằng chồng ngoại tình, cuộc hôn nhân 10 năm thất bại là do kỹ năng chăn gối của chị quá kém.",https://soha.vn/bi-tieu-tam-boc-phot-ky-nang-kem-vo-danh-ly-hon-tu-hoi-co-phai-minh-da-sai-198240802092804905.htm
2024-08-02 13:00:00,"Sự kiện đang thu hút sự quan tâm đông đảo của các ""nam thanh nữ tú"" chưa lập gia đình.",https://soha.vn/cong-ty-to-chuc-tim-nguoi-yeu-cho-nhan-vien-lap-ho-so-lam-quen-hen-ho-quy-trinh-ky-luong-nhu-di-xin-viec-198240802070129332.htm
2024-08-02 12:45:00,"Ăn món phổi xào mẹ nấu mà bao ký ức tuổi thơ tràn về, tôi lại càng thương mẹ muốn khóc.",https://soha.vn/anh-trai-chuyen-20-trieu-de-me-tu-lam-sinh-nhat-ba-xach-ve-tui-thuc-an-10-nghin-khien-ca-nha-ngo-ngang-198240802065842098.htm
2024-08-02 18:58:00,Trịnh Thu Vinh đã chính thức góp mặt tại chung kết nội dung 25m súng ngắn thể thao nữ thuộc bộ môn bắn súng Olympic Paris 2024.,https://soha.vn/vuot-qua-ca-sieu-xa-thu-han-quoc-kim-yeji-trinh-thu-vinh-thang-tien-vao-vong-tranh-huy-chuong-olympic-198240802185826692.htm
2024-08-02 11:35:00,TRỰC TIẾP các nội dung thi đấu của đoàn thể thao Việt Nam tại Olympic Paris 2024 ngày 2/8.,https://soha.vn/truc-tiep-olympic-ngay-2-8-xa-thu-trinh-thu-vinh-tien-vao-vong-tranh-huy-chuong-198240802113513378.htm
2024-08-02 10:52:00,"Đây chính là một trong những VĐV đang gây sốt tại Olympic Paris, với thành tích và phong thái thi đấu đáng nể ở tuổi 61.",https://soha.vn/olympic-vdv-goc-trung-quoc-nhay-nhot-cuoi-tuoi-nhu-hoa-du-bi-loai-ly-do-phia-sau-gay-xuc-dong-manh-198240802104953941.htm
2024-08-02 07:43:00,Nhân sự dẫn dắt tuyển Indonesia ở AFF Cup đã được PSSI thông báo.,https://soha.vn/indonesia-chot-hlv-dau-tuyen-viet-nam-o-aff-cup-hlv-kim-sang-sik-se-gap-kho-19824080207441291.htm
2024-08-02 10:51:00,"Sau khi lập kỷ lục vô tiền khoáng hậu ở SEA Games, kình ngư 19 tuổi của Trung Quốc Pan Zhanle tiếp tục làm “dậy sóng” trên nhiều phương tiện truyền thông nổi tiếng thế giới.",https://soha.vn/bi-phong-vien-hoi-xoay-ve-doping-vdv-trung-quoc-tra-loi-bang-1-cau-day-danh-thep-198240802105857666.htm
2024-08-02 08:24:00,"Nội dung đơn nữ quần vợt tại Olympic Paris 2024 vừa xảy ra một cú sốc lớn, khi tay vợt số 1 thế giới Iga Swiatek bất ngờ bị Zheng Qinwen loại. Iga Swiatek đã mất cơ hội giành HCV Thế vận hội còn Zheng Qinwen đi vào lịch sử tennis Trung Quốc.",https://soha.vn/tay-vot-trung-quoc-danh-bai-so-1-the-gioi-lam-nen-lich-su-tai-olympic-paris-2024-198240802072522768.htm
2024-08-02 09:59:00,Ủy ban Olympic quốc tế (IOC) đang đối mặt với những tranh cãi khi cho VĐV Imane Khelif thi đấu ở môn boxing nữ dù võ sĩ này vướng tranh cãi về giới tính.,https://soha.vn/tung-bi-cam-thi-dau-vi-sao-nu-vo-si-nghi-chuyen-gioi-van-duoc-du-olympic-198240802095953807.htm
2024-08-02 17:08:00,"Truyền thông và dư luận thế giới vẫn đang tranh cãi gay gắt xung quanh Imane Khelif – võ sĩ bị nghi là nam chuyển giới thành nữ, vừa có chiến thắng vô cùng chóng vánh tại Olympic Paris 2024.",https://soha.vn/su-that-viec-vo-si-bi-nghi-chuyen-gioi-vua-dam-cho-doi-thu-phat-khoc-sau-46-giay-o-olympic-198240802170820044.htm
2024-08-02 23:42:00,Trịnh Thu Vinh - Xạ thủ Việt Nam hot nhất hiện nay vừa giành quyền tham dự chung kết nội dung 25m súng ngắn thể thao nữ.,https://soha.vn/nu-xa-thu-trinh-thu-vinh-xuat-sac-vao-chung-ket-olympic-2024-tuoi-tho-chan-trau-vat-va-tu-hoc-sinh-coi-nhat-lop-den-niem-tu-hao-cua-the-thao-viet-nam-19824080223421831.htm
2024-08-02 22:42:00,Những hình ảnh rất khác của nữ xạ thủ Trịnh Thu Vinh đang tạo cơn sốt lớn với màn trình diễn tuyệt vời tại Olympic Paris 2024.,https://soha.vn/ngam-tron-nhan-sac-than-thai-trinh-thu-vinh-nu-xa-thu-ngau-nhat-viet-nam-vua-gianh-ve-vao-chung-ket-olympic-len-san-cuc-chien-len-do-cuc-slay-198240802223523913.htm
2024-08-02 22:33:00,Đội tuyển bóng chuyền nữ Việt Nam rất vất vả mới thắng Philippines trong ngày ra quân tại SEA V.League 2024.,https://soha.vn/sea-vleague-2024-tuyen-bong-chuyen-nu-viet-nam-thang-nhoc-nhan-philippines-198240802223319622.htm
2024-08-02 20:58:00,"Sau khi hoàn thành phần thi của mình tại Olympic 2024, nữ VĐV này bất ngờ đổ gục xuống sàn.",https://soha.vn/nu-kinh-ngu-xinh-dep-do-guc-kinh-hoang-sau-khi-ket-thuc-phan-thi-tai-olympic-phai-cap-cuu-khan-cap-198240802205854564.htm
2024-08-02 20:56:00,Vận động viên Trịnh Thu Vinh liên tục cho thấy phong độ ấn tượng và cô được thưởng nóng dù chưa giành huy chương tại Olympic Paris 2024.,https://soha.vn/chua-gianh-huy-chuong-olympic-paris-2024-trinh-thu-vinh-van-duoc-thuong-nong-198240802205623479.htm
2024-08-02 19:59:00,Xạ thủ Kim Ye-ji bất ngờ bị loại ở nội dung sở trường vì một sai lầm tai hại.,https://soha.vn/sai-lam-chet-nguoi-khien-nu-xa-thu-ngau-nhat-olympic-bi-loai-du-tung-tu-tin-phat-ngon-hcv-la-cua-toi-198240802190431422.htm
2024-08-02 19:35:00,"Đội tuyển bóng rổ Mỹ tập hợp những cầu thủ giàu có nhất, thu nhập cao nhất không chỉ ở Olympic Paris 2024 mà còn trên toàn thế giới thể thao. Vì vậy mà cách họ tiêu tiền cũng là sang chảnh nhất.",https://soha.vn/doi-tuyen-sang-chanh-nhat-olympic-paris-2024-tieu-15-trieu-usd-moi-ngay-198240802190333504.htm
2024-08-02 17:02:00,"Mưa lớn tối 1/8 làm dột mái che sân Roland Garros tại Olympic Paris 2024, khiến khán giả tìm chỗ trú. Tuy nhiên, kế hoạch thi đấu quần vợt không bị ảnh hưởng. Cảnh tượng mưa như thác nước khiến người hâm mộ hoảng loạn.",https://soha.vn/san-thi-dau-tai-olympic-2024-mua-dot-nhu-thac-nuoc-khan-gia-nhao-nhac-tim-cho-tru-198240802170347278.htm
2024-08-02 16:45:00,"Kết quả bốc thăm V-League 2024/2025, ĐKVĐ Nam Định sẽ phải đá trên sân khách ngay vòng 1. Các trận đấu căng thẳng hứa hẹn sẽ bùng nổ từ những vòng đấu đầu tiên.",https://soha.vn/boc-tham-v-league-2024-2025-dkvd-nam-dinh-lam-khach-dai-chien-ngay-vong-1-198240802164527522.htm
2024-08-02 16:40:00,"ASEAN Cup 2024 thay đổi thời gian tổ chức, khiến ĐT Việt Nam phải điều chỉnh kế hoạch chuẩn bị. Thầy trò HLV Kim Sang Sik sẽ tập trung từ 21/11 để có sự chuẩn bị tốt nhất cho giải đấu.",https://soha.vn/asean-cup-2024-doi-lich-dt-viet-nam-co-ke-hoach-bat-ngo-198240802164103397.htm
2024-08-02 14:59:00,"Nhận định U23 Pháp vs U23 Argentina, tứ kết Olympic, 2h ngày 3/8. Cuộc đấu cân tài cân sức giữa U23 Pháp và U23 Argentina là tâm điểm ở loạt trận tứ kết môn bóng đá nam Olympic Paris.",https://soha.vn/nhan-dinh-u23-phap-vs-u23-argentina-2h-ngay-3-8-chung-ket-som-198240802140620394.htm
2024-08-02 14:22:00,Andy Murray nói lời chia tay với quần vợt chuyên nghiệp sau thất bại 0-2 tại nội dung quần vợt đơn nam Olympic.,https://soha.vn/olympic-hom-nay-2-8-andy-murray-bat-khoc-trong-ngay-giai-nghe-19824080213495256.htm
2024-08-02 13:59:00,"Chuyển nhượng V-League mới nhất, cầu thủ ngoại Augustine Chidi Kwem nhiều khả năng sẽ gia nhập một CLB đang thi đấu ở giải cao nhất của bóng đá Việt Nam.",https://soha.vn/chuyen-nhuong-v-league-ngoai-binh-moi-toanh-sap-gia-nhap-giai-dau-19824080213472098.htm
2024-08-02 11:49:00,VĐV chưa bước sang tuổi 18 - Summer McIntosh đang làm ''dậy sóng'' môn bơi ở Olympic Paris 2024 với HCV thứ 2 giành được vào rạng sáng 2/8.,https://soha.vn/kinh-ngu-tuoi-teen-gay-sot-o-olympic-paris-2024-198240802113626915.htm
2024-08-02 10:31:00,"Một lần nữa, tờ The New York Times (Mỹ) lại khiến người hâm mộ bật cười vì BXH huy chương Olympic ""không giống ai"".",https://soha.vn/olympic-bao-my-xao-nau-bxh-huy-chuong-de-giup-doi-nha-vuot-qua-trung-quoc-198240802103129655.htm
2024-08-02 09:29:00,"Trước trận cầu tâm điểm tại tứ kết Olympic Paris gặp chủ nhà Pháp, ngôi sao của Argentina - tiền đạo Julian Alvarez đã nói về điều khiến cho đội bóng nước nhà trở nên đặc biệt.",https://soha.vn/alvarez-chi-ra-su-khac-biet-cua-argentina-198240802072931207.htm
2024-08-03 07:00:00,Vợ nam nghệ sĩ Việt nhiều tài năng là một mỹ nhân người Trung Quốc. Cô sở hữu gương mặt xinh đẹp và nụ cười tỏa sáng.,https://soha.vn/nhan-sac-vo-la-my-nhan-nguoi-trung-quoc-cua-nam-nghe-si-viet-tai-nang-198240802233202908.htm
2024-08-02 18:00:00,"""Từ ngày ba má tôi chết, tôi ở một thân một mình đến giờ"" – nghệ sĩ Hiếu Cảnh chia sẻ.",https://soha.vn/mot-nam-nghe-si-72-tuoi-song-co-don-khong-vo-con-vua-benh-thap-tu-nhat-sinh-198240802164052725.htm
2024-08-02 18:30:00,"""Cái sai của tôi là quá nóng nảy và có những phát ngôn không hay. Xin cho tôi cơ hội được cố gắng và hoàn thiện hơn để mọi người có cái nhìn nhận khác hơn về Hồng Phượng"", nữ ca sĩ nói.",https://soha.vn/1-nam-buon-cua-nghe-si-hong-loan-phai-di-o-tro-ban-hu-tieu-muu-sinh-vi-bi-chan-duong-song-198240802160851381.htm
2024-08-02 19:30:00,"""Tôi thuê thầy về một kèm một luôn, mất 200 đô một giờ, tốn lắm. Nhưng tôi chấp nhận bớt ăn bớt mặc cho con đi học"" – Ngọc Quyên chia sẻ.",https://soha.vn/mot-sieu-mau-viet-lam-me-don-than-o-my-bot-an-bot-mac-cho-con-hoc-choi-golf-thue-thay-day-rieng-198240802144218968.htm
2024-08-02 13:30:00,Ông xã Phương Anh là doanh nhân người Việt lai Pakistan. Cả hai đã gắn bó bên nhau hơn 16 năm.,https://soha.vn/nu-nsut-vua-duoc-thang-quan-ham-thuong-ta-o-tuoi-42-ca-si-noi-tieng-song-vien-man-ben-chong-goc-pakistan-198240802101351758.htm
2024-08-02 13:17:00,"Hoa hậu Phương Lê xác nhận với báo giới, cô sẽ chính thức tổ chức lễ đính hôn với NSƯT Vũ Luân vào ngày 3/8.",https://soha.vn/hoa-hau-phuong-le-chuan-bi-lay-chong-lan-2-la-nam-nsut-52-tuoi-chua-tung-ket-hon-198240802103528376.htm
2024-08-02 14:19:00,"""Sau 5 tháng, sức khỏe tôi đi xuống. Tôi đi quay chương trình rất khó khăn, đoàn quay cứ sợ tôi ngất xỉu vì yếu quá"" – MC Quyền Linh chia sẻ.",https://soha.vn/mc-quyen-linh-suc-khoe-yeu-di-sau-5-thang-di-quay-so-ngat-xiu-198240802140733254.htm
2024-08-02 23:28:00,Mối quan hệ giữa Vũ Luân và Phương Lê thời gian qua là chủ đề được công chúng rất quan tâm.,https://soha.vn/nsut-vu-luan-va-phuong-le-thong-bao-to-chuc-le-dinh-hon-198240802232814915.htm
2024-08-02 22:28:00,Nhân vật giành chiến thắng ở cả Olympic và Oscar là 1 siêu sao.,https://soha.vn/day-la-nguoi-duy-nhat-tren-hanh-tinh-gianh-ca-tuong-vang-oscar-va-huy-chuong-vang-olympic-198240802204201332.htm
2024-08-02 22:00:00,"Bà xã shark Bình chia sẻ: ""Đi đâu cũng được, miễn là đi cùng nhau"".",https://soha.vn/phuong-oanh-va-shark-binh-tron-con-di-ham-nong-tinh-cam-thoai-mai-hon-moi-om-ap-truoc-may-quay-198240802204630289.htm
2024-08-02 21:30:00,Diễn viên Quyền Linh bất ngờ khi được hỏi về tin đồn từng yêu NSND Hồng Vân.,https://soha.vn/quyen-linh-noi-gi-ve-tin-don-tung-yeu-nsnd-hong-van-198240802195546195.htm
2024-08-02 21:00:00,"Hành động này của một bộ phận khán giả xem trực tiếp chương trình Anh trai vượt ngàn chông gai đang bị lên án, chỉ trích nặng nề.",https://soha.vn/van-nan-dang-bao-dong-cua-bo-phan-khan-gia-anh-trai-vuot-ngan-chong-gai-198240802195107602.htm
2024-08-02 20:30:00,"Sau biến cố tình cảm, MC Mai Ngọc ngày càng thăng hạng nhan sắc, mới đây, cô khoe dáng quyến rũ với đường cong gợi cảm.",https://soha.vn/mc-xinh-dep-nhat-vtv-hiem-hoi-khoe-dang-nong-bong-voi-bikini-198240802192500496.htm
2024-08-02 20:00:00,"""Chính tôi bảo chồng tôi là hủy theo dõi nhau trên Facebook, nên tôi đăng cái gì chồng cũng không thấy"" – Trang Trần nói.",https://soha.vn/mot-cuu-mau-viet-sang-my-deo-tui-3000-do-van-di-nhat-rac-kiem-5-do-198240802172814655.htm
2024-08-02 18:08:00,"Dù mới 10 tuổi nhưng Daisy Yến Nhi trình diễn rất tự tin, cuốn hút bên dàn mẫu người lớn nổi tiếng, có nhiều kinh nghiệm.",https://soha.vn/mau-nhi-10-tuoi-do-sac-voi-minh-tu-bui-quynh-hoa-huynh-tu-anh-19824080218085051.htm
2024-08-02 17:31:00,Thí sinh của cuộc thi Hoa hậu Mỹ và Hoa hậu tuổi Teen Mỹ 2024 liên tiếp bị ngã xuống hố sâu trên sân khấu khiến khán giả hoang mang.,https://soha.vn/thi-sinh-hoa-hau-my-nga-xuong-ho-tren-san-khau-198240802165443478.htm
2024-08-02 17:13:00,Bùi Thanh Hương nhận được nhiều lời khen ngợi về nhan sắc khi chia sẻ loạt ảnh ở trời Tây.,https://soha.vn/nguoi-dep-bui-thanh-huong-khoe-nhan-sac-xinh-dep-o-troi-tay-198240802171314154.htm
2024-08-02 17:00:00,Truyền thông đưa tin Suri Cruise trông như bản sao của mẹ - diễn viên Katie Holmes - trong buổi dạo phố ngày 1/8.,https://soha.vn/sac-voc-suri-cruise-o-tuoi-18-198240802162003395.htm
2024-08-02 15:00:00,"Trở lại sau nhiều năm rút lui để tập trung cho gia đình nhỏ, nữ diễn viên này đã gây tiếng vang lớn và nhận được sự quan tâm đặc biệt của khán giả cả nước.",https://soha.vn/nu-dien-vien-la-vo-cua-dao-dien-lon-o-an-17-nam-sau-khi-nghi-huu-gay-bung-no-trong-phim-truyen-hinh-gio-vang-vtv-voi-loat-vai-ba-me-da-sac-198240802114153986.htm
2024-08-02 14:44:00,"""Một đoàn ép ăn, một đoàn cấm ăn, không biết đáp ứng nhu cầu của đoàn nào. Ở nhà vợ con cũng không cho ăn. Nhiều lúc vượt rào, nén cầm cái đùi gà cũng bị giật lại"", Quyền Linh kể.",https://soha.vn/quyen-linh-sut-mat-20kg-toi-cam-dua-gap-thit-la-con-gai-gat-dua-ra-19824080214323044.htm
2024-08-02 14:30:00,"""Sau Trần Hiểu Húc không còn Lâm Đại Ngọc"" là lời đánh giá cao nhất mà khán giả dành cho vai diễn kinh điển của nữ diễn viên.",https://soha.vn/chuyen-doi-ky-la-cua-lam-dai-ngoc-tran-hieu-huc-198240802123957758.htm
2024-08-02 14:00:00,"Vào tháng 7/2024, nam diễn viên này từng gây xôn xao khi thừa nhận đang bị HIV.",https://soha.vn/nam-dien-vien-viet-hien-ra-sao-sau-thong-bao-mac-hiv-198240802134948216.htm
2024-08-02 13:51:00,"Đạo diễn, NSND Nguyễn Khắc Lợi sinh năm 1932 tại Phú Thọ. Ông là đạo diễn của những bộ phim nổi tiếng như ""Tướng về hưu"","" Hai bà mẹ"", ""Nguyễn Ái Quốc ở Hong Kong""… Đạo diễn Nguyễn Khắc Lợi qua đời lúc 7h30 sáng 2/8.",https://soha.vn/dao-dien-nsnd-nguyen-khac-loi-phim-tuong-ve-huu-qua-doi-1982408021351524.htm
2024-08-02 13:00:00,"Tuyên bố gác lại sự nghiệp trong 2 năm, giờ đây nữ diễn viên đang tận hưởng cuộc sống của một người mẹ bỉm sữa.",https://soha.vn/nu-dien-vien-o-an-suot-1-nam-roi-bat-ngo-sinh-con-dau-long-o-tuoi-38-he-lo-ong-xa-cung-la-nghe-si-noi-tieng-198240802113007182.htm
2024-08-02 12:30:00,Bạn gái của NSƯT Vũ Luân đã thẳng thắn đáp trả những tin đồn không hay về đời tư của mình trong thời gian qua.,https://soha.vn/phuong-le-xin-loi-chong-cu-len-tieng-ve-tin-don-ly-hon-gia-lua-doi-trong-chuyen-hen-ho-voi-vu-luan-198240802114434996.htm
2024-08-02 12:00:00,"Trong ảnh chụp cùng bạn bè, nàng dâu hào môn Tăng Thanh Hà khoe nhan sắc ngày càng mặn mà.",https://soha.vn/tang-thanh-ha-hoi-ngo-co-tieu-thu-giau-co-la-tinh-dich-mot-thoi-moi-quan-he-20-nam-van-khong-doi-198240802104809599.htm
2024-08-02 11:30:00,"Nhiều năm qua đi, bộ 3 Hoàn Châu Cách Cách ngày ấy giờ mỗi người một đường riêng.",https://soha.vn/anh-hiem-1-thoi-cua-bo-3-hoan-chau-cach-cach-nhan-sac-trieu-vy-thoi-ay-van-mai-la-huyen-thoai-198240802101738013.htm
2024-08-02 14:31:00,"Bên cạnh sự nghiệp thăng hoa, nàng Hậu còn có tổ ấm hạnh phúc.",https://soha.vn/nguoi-dep-16-tuoi-da-dang-quang-hoa-hau-viet-nam-cuoc-song-sau-32-nam-khien-nhieu-nguoi-ghen-ty-dau-tu-tien-hoc-cho-con-hon-5-ty-nam-198240802143100056.htm
2024-08-03 07:20:00,"Hàng loạt xe quân sự Ukraine bốc cháy, số lượng dự kiến còn tiếp tục tăng. Chính quyền Ukraine đang khủng hoảng trước một làn sóng bất ngờ lan rộng trên khắp đất nước.",https://soha.vn/hang-loat-xe-quan-su-boc-chay-kiev-hanh-dong-khan-chi-huy-lenh-ban-ngay-tai-cho-thu-pham-gay-bat-ngo-19824080306541196.htm
2024-08-02 19:15:00,Tin đồn về 'tòa nhà sụp đổ do tên lửa' trong cuộc tập trận ở Đài Loan đã lan truyền mạnh mẽ. Sự thật là vụ hỏa hoạn không liên quan đến tên lửa. Giới chức địa phương đã bác bỏ các thông tin sai lệch.,https://soha.vn/ro-tin-chung-cu-sup-do-do-ten-lua-trong-cuoc-tap-tran-quan-su-o-dai-loan-trung-quoc-su-that-la-gi-198240802114014104.htm
2024-08-02 18:50:00,"Theo tờ Ukraina, trong nội bộ chính phủ Ukraine đang bùng nổ ""cuộc chiến chống Tổng tư lệnh"", kêu gọi loại bỏ ""ngay lập tức"" sau thất bại quá nặng nề của quân đội trên chiến trường.",https://soha.vn/ukraine-day-song-voi-cuoc-chien-chong-tong-tu-lenh-phong-tuyen-chien-luoc-sup-do-kiev-o-at-lui-quan-198240802164110553.htm
2024-08-02 22:40:00,Dự luật mới cho phép Tổng thống Joe Biden có quyền thực hiện các hành động quân sự nhằm vào Iran nếu an ninh quốc của Mỹ bị đe dọa.,https://soha.vn/quoc-hoi-my-de-xuat-du-luat-cho-phep-tan-cong-quan-su-iran-19824080222221104.htm
2024-08-02 11:40:00,Thủ lĩnh Hamas Ismail Haniyeh đã bị ám sát tại Tehran bằng một thiết bị nổ giấu trong nhà khách. Vụ việc được cho là do Israel thực hiện và có thể gây ra làn sóng bạo lực mới ở Trung Đông.,https://soha.vn/chan-dong-thu-linh-hamas-khong-bi-am-sat-bang-ten-lua-ma-boi-mot-thu-da-tuon-vao-nha-khach-2-thang-truoc-198240802103543631.htm
2024-08-02 11:25:00,"""Nga đã đáp trả F-16 bằng Iskander và Kalibr: Đòn giáng khốc liệt và chính xác"" – MK viết.",https://soha.vn/no-lien-hoan-ngay-khi-f-16-vua-toi-ukraine-iskander-nga-tung-don-truc-dien-kremlin-canh-cao-nong-kiev-198240802110940403.htm
2024-08-02 07:00:00,"Kinh tế Nga gặp khó khăn khi các ngân hàng Trung Quốc thắt chặt hạn chế thanh toán do lệnh trừng phạt từ phương Tây. Giao thương giữa hai nước bị ảnh hưởng nghiêm trọng, chi phí giao dịch tăng cao và tính không thể đoán trước.",https://soha.vn/trung-quoc-so-lien-luy-kinh-te-nga-lien-hung-don-198240731165503401.htm
2024-08-02 23:15:00,Chiến dịch tranh cử của Phó Tổng thống Mỹ Kamala Harris ngày 2/8 thông báo đã huy động được 310 triệu USD trong tháng 7.,https://soha.vn/ba-harris-huy-dong-duoc-hon-300-trieu-usd-tien-tranh-cu-nhieu-nhat-lich-su-198240802222627941.htm
2024-08-02 22:20:00,"Với việc các bên mong muốn tránh một cuộc xung đột quy mô lớn sau hai vụ ám sát thủ lĩnh Hamas ở Iran và chỉ huy Hezbollah ở Lebanon, mối nguy hiểm chính hiện nay là khả năng tính toán sai lầm.",https://soha.vn/vu-am-sat-thu-linh-hamas-xuat-hien-moi-nguy-lon-nhat-198240802222026751.htm
2024-08-02 21:33:00,Sự xuất hiện của tiêm kích F-16 ở Ukraine có thể đã thúc đẩy Nga bố trí các hệ thống phòng không gần tiền tuyến hơn.,https://soha.vn/nga-dua-buk-m2-ap-sat-tien-tuyen-o-ukraine-san-sang-san-lung-f-16-198240802213322077.htm
2024-08-02 21:00:00,Chiếc Leopard 2A4 dường như đã bị trúng đạn từ xe tăng T-72B3 của Nga trong cuộc giao tranh gần thị trấn Kurakhovo ở khu vực Donbass do Ukraine kiểm soát.,https://soha.vn/nghi-van-xe-tang-t-72b3-nga-danh-bai-leopard-2a4-cua-ukraine-o-donbass-198240802204737085.htm
2024-08-02 20:37:00,"Ông Trump đang dẫn trước Phó Tổng thống Mỹ Kamala Harris về số cử tri ủng hộ, theo một cuộc thăm dò do Rasmussen Reports thực hiện.",https://soha.vn/cong-bo-ty-le-cu-tri-ung-ho-ong-trump-va-ba-harris-198240802203808566.htm
2024-08-02 20:00:00,"Kiev nóng ruột trước tốc độ tiến quân của Lực lượng Vũ trang Nga, khi các đơn vị Nga còn cách ranh giới với vùng Dnepropetrovsk chỉ một giờ lái xe.",https://soha.vn/quan-nga-chi-con-cach-dnepropetrovsk-1-gio-lai-xe-198240802172821639.htm
2024-08-02 19:30:00,Đồng minh thân thiết của Nga vừa đưa ra bước đi được đánh giá là gây nhiều bất lợi đối với Moskva.,https://soha.vn/trung-quoc-bat-ngo-han-che-xuat-khau-may-bay-khong-nguoi-lai-cho-moscow-198240802172655373.htm
2024-08-02 18:00:00,"Tổng thống Ukraine Zelensky khẳng định không có quyền từ bỏ lãnh thổ vì vi phạm Hiến pháp. Để nhượng bộ, người dân Ukraine cần tham gia trưng cầu ý dân.",https://soha.vn/tong-thong-ukraine-neu-dieu-kien-tien-quyet-ve-nhuong-bo-lanh-tho-198240802165309428.htm
2024-08-02 17:25:00,Liên minh châu Âu vẫn phụ thuộc vào khí đốt của Nga khi nguồn cung từ Mỹ giảm. Washington không thể làm giảm sự phụ thuộc này vì lợi nhuận luôn được ưu tiên. Châu Âu khó từ bỏ nguồn năng lượng của Nga.,https://soha.vn/my-ngan-ngam-vi-chau-au-khong-dut-duoc-bau-sua-khi-dot-198240802135513654.htm
2024-08-02 16:50:00,"Mỹ có thể phải xem xét lại quy mô và thế trận hạt nhân của mình do những động thái từ Trung Quốc, Nga và Triều Tiên. Quan chức quốc phòng Vipin Narang nhấn mạnh sự cần thiết phải thay đổi để đảm bảo an ninh quốc gia và ngăn chặn xâm lược.",https://soha.vn/my-chuan-bi-cho-viec-moi-hiep-uoc-hat-nhan-sup-do-198240802135129682.htm
2024-08-02 16:15:00,"Thủ tướng Phạm Minh Chính và Narendra Modi nhất trí củng cố hợp tác truyền thống, mở rộng lĩnh vực mới tiềm năng với phương châm 5 hơn, bao gồm tin cậy chính trị, quốc phòng, kinh tế, công nghệ và giao lưu văn hóa.",https://soha.vn/phuong-cham-5-hon-trong-quan-he-viet-nam-an-do-198240802134713384.htm
2024-08-02 15:40:00,"Khả năng Thổ Nhĩ Kỳ can thiệp quân sự vào Israel vẫn còn là một câu hỏi mở. Tổng thống Erdoğan đã ám chỉ về hành động này, nhưng liệu điều đó có thực sự xảy ra?",https://soha.vn/kha-nang-tho-nhi-ky-can-thiep-quan-su-vao-israel-198240802134308477.htm
2024-08-02 15:05:00,"Tổng thống Ukraine Volodymyr Zelensky cho rằng Nga đã chuyển trọng tâm sang phía Đông, tập trung vào Pokrovsk sau khi không chiếm được Kharkov. Ông kêu gọi viện trợ nhanh hơn từ phương Tây để chống lại cuộc tiến công của Moscow.",https://soha.vn/ong-zelensky-khong-chiem-duoc-kharkov-nga-chuyen-trong-tam-sang-phia-dong-198240802133733339.htm
2024-08-02 14:30:00,"Theo Times of Israel, Israel đã chuẩn bị ứng phó mọi tình huống, cả thủ lẫn tấn công, sau khi Iran đe sẽ đáp trả vụ ám sát thủ lĩnh Hamas.",https://soha.vn/ong-netanyahu-co-the-khien-israel-tu-huy-198240802132922177.htm
2024-08-02 13:55:00,Bầu cử tổng thống Mỹ đang bước vào giai đoạn căng thẳng với sự cạnh tranh giữa Trump và Kamala Harris. Ông Trump gặp nhiều khó khăn khi đối diện ứng viên mới của đảng Dân chủ. Liệu ai sẽ chiến thắng trong cuộc đua này?,https://soha.vn/the-kho-cua-ong-trump-truoc-doi-thu-harris-trong-bau-cu-tong-thong-my-198240802132524195.htm
2024-08-02 13:20:00,Nga tuyên bố sẵn sàng bắn hạ các chiến đấu cơ F-16 đầu tiên do Hà Lan cung cấp cho Ukraine. Tình hình căng thẳng gia tăng khi Nga chuyển hướng tấn công khỏi Kharkov.,https://soha.vn/toan-canh-quoc-te-trua-2-8-nga-san-sang-ban-ha-f-16-lo-dau-cung-cap-cho-ukraine-198240802132017338.htm
2024-08-02 11:30:00,Bộ Quốc phòng Nga cho biết quân đội nước này đã phá hủy 3 bệ phóng Patriot mà Mỹ cung cấp cho Ukraine chỉ trong một ngày.,https://soha.vn/nga-pha-huy-3-be-phong-patriot-cua-ukraine-trong-mot-ngay-198240802094713169.htm
2024-08-02 11:00:00,Một tòa phúc thẩm của New York vừa bác đơn kháng cáo của cựu Tổng thống Donald Trump nhằm chống lại lệnh cấm phát ngôn vụ án làm giả hồ sơ kinh doanh để che giấu tiền trả cho một diễn viên phim người lớn.,https://soha.vn/ong-trump-thua-khi-khang-cao-vu-an-chi-tien-bit-mieng-198240802094104414.htm
2024-08-02 10:37:00,"Các quan chức hàng đầu Iran sẽ gặp đại diện các đồng minh khu vực của nước này từ Lebanon, Iraq và Yemen để thảo luận về việc trả đũa Israel.",https://soha.vn/diem-nong-xung-dot-ngay-2-8-iran-ban-chuyen-lon-hezbollah-khai-hoa-vao-israel-198240802091416993.htm
2024-08-02 10:05:00,Tổng thống Ukraine đã ký đạo luật cho phép Kiev hoãn trả nợ cho các chủ nợ phương Tây trong hai tháng và hy vọng đạt được thỏa thuận với các chủ nợ để tránh vỡ nợ.,https://soha.vn/ukraine-ben-bo-vuc-vo-no-198240802090624142.htm
2024-08-03 06:33:00,"Khi cục máu đông hình thành trong cơ thể và gây tắc nghẽn mạch máu, cơ thể sẽ phát ra một số dấu hiệu bất thường.",https://soha.vn/nguoi-co-mach-mau-tac-nghen-thuong-co-5-diem-bat-thuong-tren-co-the-biet-som-giup-phong-dot-quy-hieu-qua-198240802174618068.htm
2024-08-02 20:02:00,"2 lần mất con một cách đột ngột khi con mới được 3 ngày tuổi, vợ chồng anh Khánh đã không dám sinh con tiếp.",https://soha.vn/co-2-con-deu-tu-vong-sau-khi-sinh-3-ngay-cap-vo-chong-quyet-di-kham-bat-ngo-voi-nguyen-nhan-19824080217324042.htm
2024-08-03 00:03:00,"Một số nam giới cho rằng đau lưng sau khi ân ái là dấu hiệu cảnh báo thận suy yếu. Tuy nhiên, quan điểm này liệu có đúng? Dưới đây là lý giải từ chuyên gia.",https://soha.vn/dau-lung-sau-khi-an-ai-co-phai-dau-hieu-canh-bao-than-gap-van-de-bac-si-noi-do-1-cho-qua-yeu-198240802145355549.htm
2024-08-02 13:02:00,Dấu hiệu này có thể cảnh báo ung thư nhưng thường bị xem nhẹ.,https://soha.vn/gap-chan-ma-thay-dau-hieu-nay-can-than-ung-thu-go-cua-198240802112451191.htm
2024-08-02 10:32:00,"Quy tắc này rất đơn giản, giúp bạn phát hiện sớm được căn bệnh ung thư có khả năng di căn nhanh và đang có xu hướng gia tăng.",https://soha.vn/hoc-thuoc-quy-tac-abcde-de-phat-hien-som-can-benh-ung-thu-co-kha-nang-di-can-nhanh-198240802065253913.htm
2024-08-02 07:19:00,"Một người đàn ông cho biết do chó cưng hành động lạ, ông đã quyết định đi khám và sau đó phát hiện mắc ung thư.",https://soha.vn/thay-cho-cung-hanh-dong-la-nam-giam-doc-di-kham-soc-khi-phat-hien-ung-thu-giai-doan-cuoi-198240801154442363.htm
2024-08-02 15:05:00,"Bệnh gout vẫn luôn là nỗi lo của nhiều người, đặc biệt là nam giới. Đây là một số loại thực phẩm có thể giúp giảm nguy cơ mắc căn bệnh này.",https://soha.vn/nguoi-co-nong-do-axit-uric-trong-mau-cao-nho-ki-quy-tac-2-xanh-2-do-de-day-lui-benh-gout-198240802110309183.htm
2024-08-03 07:16:00,"Gừng, một loại gia vị quen thuộc trong ẩm thực và y học cổ truyền, từ lâu đã được biết đến với nhiều lợi ích sức khỏe. Tuy nhiên, nhiều người vẫn băn khoăn không biết nên sử dụng gừng tươi hay gừng khô để đạt hiệu quả tốt nhất.",https://soha.vn/gung-kho-hay-gung-tuoi-tot-hon-cho-suc-khoe-198240803071643861.htm
2024-08-02 22:03:00,"Nhiều người lo ngại việc ăn đêm có bị đột quỵ không, bài viết dưới đây chuyên gia sẽ giải đáp giúp bạn.",https://soha.vn/an-dem-co-bi-dot-quy-19824080206424082.htm
2024-08-02 21:33:00,"Nhiều người không nghĩ rằng khi mình mắc bệnh phụ khoa, có thể còn do người đàn ông.",https://soha.vn/3-thoi-quen-cua-chong-lam-ton-thuong-tu-cung-nguoi-vo-2-thuc-uong-lam-am-va-giai-doc-co-quan-sinh-san-198240802140245565.htm
2024-08-02 20:33:00,"Những quan niệm về giờ tốt, tháng đẹp khiến nhiều người bỏ qua lời khuyên của bác sĩ, dẫn đến những tình huống nguy hiểm cho cả mẹ và trẻ.",https://soha.vn/vo-chuyen-da-de-sinh-con-gio-dep-va-loi-canh-bao-tu-bac-si-198240802173624579.htm
2024-08-02 20:25:00,"TS.BS Dương Đức Hùng, Giám đốc Bệnh viện Việt Đức lên tiếng trước phản ánh thời gian chờ mổ lâu, bệnh viện thiếu thuốc nên người bệnh phải mua thuốc ngoài.",https://soha.vn/benh-nhan-phan-anh-thieu-thuoc-cho-mo-lau-giam-doc-bv-viet-duc-len-tieng-198240802202300008.htm
2024-08-02 19:29:00,"Loại quả này được bán nhiều ở Việt Nam, đặc biệt còn rất tốt cho sức khỏe nên các gia đình nên thường xuyên sử dụng.",https://soha.vn/an-2-loai-qua-nay-trong-1-tuan-giup-don-sach-mach-mau-ha-huyet-ap-va-duong-huyet-hieu-qua-cho-viet-ban-nhieu-nha-nao-cung-nen-co-trong-tu-lanh-198240802162211642.htm
2024-08-02 19:05:00,"Hai ngày sau khi ăn món bánh ướt thịt heo cùng nhóm thợ xây, một người đàn ông tại Thừa Thiên-Huế (TT-Huế) phải nhập viện điều trị do mắc liên cầu lợn.",https://soha.vn/mac-lien-cau-lon-sau-khi-an-banh-uot-thit-heo-198240802182819615.htm
2024-08-02 18:39:00,"Ngay cả tại những trung tâm chuyên sâu trên thế giới, ca bệnh dạng này cũng có nguy cơ tử vong trên 80%.",https://soha.vn/cuu-song-ca-benh-dac-biet-nguy-co-tu-vong-80-198240802182454005.htm
2024-08-02 18:32:00,"Có nhiều bí quyết giải rượu nhanh chóng một cách tự nhiên mà không cần tới thuốc, các chuyên gia tiết lộ.",https://soha.vn/kham-pha-6-bi-quyet-giai-ruou-hoan-toan-tu-nhien-hieu-qua-bat-ngo-198240802142621561.htm
2024-08-02 18:00:00,"Pharmacity cam kết cung cấp đầy đủ các liều thuốc chính hãng hỗ trợ sức khỏe trong thời tiết chuyển mùa, đồng thời cập nhật mức giá cạnh tranh phù hợp với mọi gia đình Việt.",https://soha.vn/pharmacity-san-sang-du-thuoc-de-phuc-vu-nguoi-dan-trong-thoi-tiet-chuyen-mua-198240802172707076.htm
2024-08-02 17:13:00,"Các nhà khoa học Mỹ đã phát tác dụng đặc biệt của isoflavone, một hợp chất dồi dào trong nhiều món ăn quen thuộc với người Á Đông.",https://soha.vn/mon-an-quen-thuoc-voi-nguoi-chau-a-la-than-duoc-cho-nao-198240802141333782.htm
2024-08-02 16:31:00,"Ngày 2-8, Sở Y tế TPHCM cho biết đang xem xét chuyển hồ sơ liên quan đến vụ tai biến sau phẫu thuật thẩm mỹ hút mỡ sang cơ quan điều tra.",https://soha.vn/hut-mo-trai-phep-gay-tai-bien-tham-my-vien-noi-chi-cho-thue-phong-mo-198240802162623597.htm
2024-08-02 16:28:00,Nhiều nghiên cứu khoa học chỉ ra mối liên hệ giữa hình dáng cơ thể với tuổi thọ của con người.,https://soha.vn/hinh-dang-co-the-quyet-dinh-den-tuoi-tho-hau-het-nhung-nguoi-song-lau-deu-co-3-dac-diem-nay-19824080216132393.htm
2024-08-02 16:06:00,"Ngủ ngáy có thể do nhiều nguyên nhân, trong đó có cả những nguyên nhân không đáng lo ngại đến những vấn đề nghiêm trọng.",https://soha.vn/khi-nao-ngu-ngay-la-dau-hieu-cua-benh-nguy-hiem-198240802160457863.htm
2024-08-02 14:55:00,"Được biết, căn bệnh mà người đàn ông này mắc phải vô cùng hiếm gặp trên thế giới. Đây cũng là lần đầu tiên Việt Nam ghi nhận bệnh này.",https://soha.vn/di-kham-vi-dau-bung-nguoi-dan-ong-khong-ngo-mac-can-benh-lan-dau-tien-ghi-nhan-tai-viet-nam-198240802142342926.htm
2024-08-02 14:19:00,"Nhan sắc tuổi U60 của mỹ nhân phim ""Sex and the city"" được đánh giá là rất tươi tắn, đặc biệt là làn da căng bóng hồng hào, làm cho cô trông trẻ trung hơn so với độ tuổi U60.",https://soha.vn/mac-ung-thu-vu-my-nhan-phim-sex-and-the-city-van-tre-trung-o-tuoi-u60-nho-1-loai-qua-cua-viet-nam-19824080214061241.htm
2024-08-02 14:00:00,"Gan là cơ quan nội tạng quan trọng, đảm nhiệm nhiều chức năng giải độc và chuyển hóa chất dinh dưỡng. Tuy nhiên, nhiều người vẫn chủ quan với sức khỏe lá gan, đặc biệt là khi tiêu thụ những thực phẩm tưởng chừng vô hại nhưng lại âm thầm gây tổn thương nghiêm trọng.",https://soha.vn/ngo-ngang-voi-loat-thuc-pham-quen-thuoc-lai-tan-pha-gan-nhanh-hon-ca-bia-ruou-198240802111044726.htm
2024-08-02 13:37:00,"Có biết được dấu hiệu đột quỵ trước 30 ngày, 1 tuần hay 1 ngày không là thắc mắc của nhiều người.",https://soha.vn/co-biet-duoc-dau-hieu-dot-quy-truoc-30-ngay-1-tuan-hay-1-ngay-198240802102550076.htm
2024-08-02 12:13:00,"Đang đúng mùa na, nhiều người rất tích cực bổ sung loại quả thơm ngon này vào thực đơn hàng ngày. Với hàm lượng vitamin, khoáng chất và chất chống oxy hóa dồi dào, na mang đến nhiều lợi ích bất ngờ cho sức khỏe. Tuy nhiên, quả na cũng có chống chỉ định đối với một số người.",https://soha.vn/qua-na-vua-chong-ung-thu-vua-tot-cho-tim-mach-nhung-phai-an-dung-cach-19824080210122071.htm
2024-08-02 11:31:00,Những thói quen ăn uống thường ngày dù nhỏ cũng có thể ảnh hưởng nghiêm trọng tới sức khoẻ.,https://soha.vn/nu-giao-vien-9x-mac-ung-thu-gan-chi-vi-mot-loai-bi-an-moi-ngay-bac-si-tho-dai-gan-bang-thep-cung-khong-chiu-noi-198240802071152254.htm
2024-08-02 19:00:00,"Trong khi nhiều người cảm thấy khó chịu vì tình trạng này, những nhân viên Trung Quốc lại gửi lời cảm ơn vì họ được nghỉ làm sớm.",https://soha.vn/trong-luc-ca-the-gioi-khon-don-vi-su-co-trung-quoc-lai-chang-he-han-gi-choi-mot-minh-hoa-ra-lai-hay-198240802162302154.htm
2024-08-02 21:00:00,Những sản phẩm này hứa hẹn sẽ đều là những siêu phẩm công nghệ đáng chú ý trong thời gian tới.,https://soha.vn/sau-samsung-day-la-nhung-dien-thoai-bom-tan-cuc-dang-cho-doi-vao-nua-cuoi-2024-198240730160635697.htm
2024-08-02 14:00:00,Đừng quên thực hiện thực hiện điều này một cách cẩn thận trước khi nâng cấp để bảo vệ dữ liệu của bạn.,https://soha.vn/nguoi-dung-iphone-khong-the-bo-qua-dieu-nay-truoc-khi-len-doi-ios-18-beta-198240730100310898.htm
2024-08-02 11:03:00,Hãng điện thoại Trung Quốc đã tạo nên bất ngờ khi chen chân vào top 10 smartphone bán chạy nhất thế giới sau hai quý vắng bóng.,https://soha.vn/mau-dien-thoai-trung-quoc-gia-3-trieu-dong-gay-kinh-ngac-khi-lot-top-smartphone-ban-chay-nhat-the-gioi-198240801150231824.htm
2024-08-02 07:03:00,"Cuộc đấu giá bộ sưu tập Apple đời đầu với gần 300 món đồ, bao gồm chiếc Apple-1 có giá trị 7,5 tỷ đồng. Những kỷ vật khác như áo khoác Steve Jobs và iPhone 4GB đời đầu cũng gây chú ý. Sở hữu một phần lịch sử Apple đã trở nên dễ dàng hơn bao giờ hết.",https://soha.vn/may-tinh-apple-cu-tran-nhu-nhong-duoc-ban-gia-75-ty-198240801145721383.htm
2024-08-02 20:34:00,"Sau khi Liên Xô tan rã, Mỹ đã vội vàng kí thỏa thuận mua 21 chiếc MiG-29 từ Moldova, với lý do chính là ngăn chặn Iran sở hữu những chiếc máy bay này.",https://soha.vn/phi-doi-mig-29-bi-mat-cua-quan-doi-my-198240727142855633.htm
2024-08-03 07:00:00,Liệu đây có phải là lời kết cho dòng điện thoại màn hình lớn của Apple?,https://soha.vn/apple-de-nhieu-roi-lai-bo-se-co-them-mot-chiec-iphone-nhieu-nguoi-yeu-thich-bien-mat-vao-nam-sau-198240802162619955.htm
2024-08-02 20:00:00,Máy cũng hỗ trợ GPU rời mang tên Hi GT Cube.,https://soha.vn/huawei-matebook-gt-14-ra-mat-chip-intel-core-ultra-9-ram-32gb-man-hinh-oled-28k-logo-phat-sang-nhu-macbook-19824080211232671.htm
2024-08-02 15:00:00,"Thời gian gần đây, câu hỏi điện thoại 256GB có đủ dùng đang được người dùng quan tâm nhờ vào sự đa dạng của tính năng và thiết kế.",https://soha.vn/bo-nho-dien-thoai-256gb-co-du-dung-198240802112132987.htm
2024-08-02 13:04:00,Google đang trấn áp các nội dung deepfake khi công bố kế hoạch giúp xóa dễ dàng hơn các nội dung khiêu dâm lạm dụng hình thức công nghệ mới này.,https://soha.vn/google-search-ra-mat-cac-tinh-nang-moi-de-giai-quyet-deepfake-198240802110532918.htm
2024-08-02 11:02:00,"Nếu bạn chưa biết phần mềm phòng chống lừa đảo nTrust hoàn toàn miễn phí dành cho người Việt, có thể tìm hiểu cách tải về tại đây.",https://soha.vn/tai-phan-mem-mien-phi-nay-ngay-bay-gio-de-phat-hien-lua-dao-198240802110247498.htm
2024-08-02 10:07:00,"Bất chấp việc doanh số iPhone sụt giảm xuống mức thấp nhất 3 năm qua, doanh thu Apple vẫn tăng trưởng kỷ lục nhờ vào iPad.",https://soha.vn/iphone-thua-dau-tai-trung-quoc-ipad-bat-ngo-thanh-nguoi-hung-giai-cuu-apple-198240802100755271.htm
2024-08-02 09:05:00,Lịch sử những vụ “mất mạng” quy mô toàn cầu: từ lỗi phần cứng do “cá mập cắn cáp” đến lỗi phần mềm.,https://soha.vn/su-co-crowdstrike-khien-chung-ta-nho-lai-su-kien-y2k-lich-su-cua-gan-25-nam-ve-truoc-198240801220656892.htm
