2024-07-20 14:45:00,Dùng cả 2 loại quạt đã lâu song không phải người dùng nào cũng biết về lượng điện năng mà thiết bị tiêu thụ.,https://soha.vn/quat-tran-co-ton-dien-hon-quat-cay-khong-thi-ra-bay-lau-nay-nhieu-nguoi-hieu-sai-198240719172148659.htm
2024-07-20 11:00:00,Chiếc trực thăng cất cánh được 4 phút thì gặp sự cố do vướng phải dây diều.,https://soha.vn/vuong-day-dieu-truc-thang-cho-khach-du-lich-roi-tai-bali-198240720105820119.htm
2024-07-19 21:07:00,"Nhiều du khách chưa hề biết, ẩn mình trong vịnh Lan Hạ thuộc quần đảo Cát Bà, có một hòn đảo sở hữu ""bãi tắm 2 mặt"" cực độc đáo.",https://soha.vn/hon-dao-mang-ten-tu-do-nam-an-minh-o-cat-ba-it-nguoi-biet-dep-hoang-so-so-huu-bai-bien-2-mat-hiem-co-198240719154043395.htm
2024-07-19 18:22:00,"Bên cạnh các loại xoài đã quen thuộc, thời gian gần đây tại nhiều khu chợ ở Hà Nội xuất hiện thêm một loại xoài khác lạ với ngoại hình đặc biệt.",https://soha.vn/loai-xoai-duoi-cong-dang-duoc-ban-day-cac-cho-ha-noi-vi-the-nao-dat-hay-re-co-phai-xoai-viet-khong-198240719152008214.htm
2024-07-19 12:28:00,"Trong bữa ăn, sếp đứng dậy nghe điện thoại rồi vội vã ra về, những người có mặt đều không biết phải xử trí như thế nào.",https://soha.vn/sep-moi-di-an-nhung-tron-ve-truoc-nhan-vien-danh-tu-tra-tien-tin-nhan-sau-cung-moi-bat-ngo-198240719111539835.htm
2024-07-19 16:27:00,"Giá tiền của hai loại đào như nhau, nhưng chất lượng thì có sự khác biệt.",https://soha.vn/mua-dao-nen-chon-qua-duc-hay-qua-cai-nhin-vao-dac-diem-nay-ban-se-khong-bao-gio-chon-sai-198240719151517606.htm
2024-07-19 11:33:00,"Chú chó ngoan đột nhiên sủa gắt giữa đêm khiến chủ nhà tỉnh giấc. Khi mở cửa kiểm tra, cả nhà tái mặt khi phát hiện khói lan vào phòng. Sự cảnh giác của chú chó đã cứu mạng gia đình.",https://soha.vn/nua-dem-nghe-tieng-cho-nha-sua-gat-lien-hoi-chu-mo-cua-ra-kiem-tra-thi-tai-mat-khi-thay-1-thu-198240719094349175.htm
2024-07-19 08:08:00,"Khám phá vận may của 4 con giáp từ Rằm tháng 6 âm lịch với sự nghiệp tươi sáng, tài vận phát đạt và cuộc sống hạnh phúc. Bạn có nằm trong số đó?",https://soha.vn/tu-ram-thang-6-am-4-con-giap-co-su-nghiep-tuoi-sang-tai-van-phat-dat-cuoc-song-hanh-phuc-198240717165520597.htm
2024-07-21 00:35:00,"Khi kết hợp 2 nguyên liệu bạn sẽ làm ra món ăn thơm ngon, mềm, đậm đà. Món ăn này làm đơn giản nên ngay cả người mới đứng bếp cũng nấu được.",https://soha.vn/ket-hop-2-nguyen-lieu-nay-trong-1-mon-an-vua-thom-ngon-dam-da-lai-tot-cho-gan-cung-co-he-mien-dich-dep-da-198240721003610833.htm
2024-07-20 23:31:00,"""Bữa tiệc kinh doanh"" không chỉ là thời điểm để nạp thêm năng lượng cho cơ thể, mà còn là một nghi thức giao tiếp xã hội. Do đó, những quy tắc trong bữa ăn cũng phải được đề cao.",https://soha.vn/chuyen-gia-kinh-nghiem-20-nam-chi-ra-nhung-mon-an-khong-nen-goi-khi-di-cung-sep-hoac-doi-tac-chon-sai-mon-co-the-keo-su-nghiep-lao-doc-198240720164556031.htm
2024-07-20 23:00:00,Tháng 7 Âm lịch là thời điểm để 4 con giáp vượt qua thử thách và nhận được hồi đáp xứng đáng. Họ sẽ tỏa sáng và thu hoạch thành quả sau những nỗ lực không ngừng nghỉ. Hãy cùng chúng tôi khám phá danh sách những con giáp may mắn này.,https://soha.vn/mon-qua-tu-thang-7-am-lich-4-con-giap-vuot-qua-thu-thach-nhan-duoc-hoi-dap-sau-nhung-co-gang-miet-mai-198240720184858924.htm
2024-07-20 22:38:00,"Sau cuộc trò chuyện, tôi đã hiểu hơn rất nhiều về mẹ chồng, bà quả thực là người phụ nữ rất tuyệt vời.",https://soha.vn/sau-cuoi-toi-sung-so-khi-thay-me-chong-dua-cho-co-chong-mot-tap-tien-biet-ly-do-ma-toi-muon-tra-no-thay-198240720125020647.htm
2024-07-20 22:00:00,Nhiều người biết được câu chuyện này phải dành lời khen cho cậu bé và các viên cảnh sát địa phương.,https://soha.vn/vua-nhan-giay-bao-do-vao-dh-top-dau-nam-sinh-lap-tuc-chay-den-don-canh-sat-ai-cung-lang-nguoi-khi-biet-nguyen-do-198240720164923897.htm
2024-07-20 21:27:00,Tỉnh Ninh Bình vinh dự lọt top 10 trải nghiệm cuốn hút nhất thế giới năm 2024. Thành phố Hoa Lư sắp được thành lập thu hút nhiều sự chú ý. Khám phá vẻ đẹp thiên nhiên và di sản văn hóa độc đáo của Ninh Bình.,https://soha.vn/tinh-lot-top-10-trai-nghiem-cuon-hut-nhat-the-gioi-sap-don-them-thanh-pho-moi-198240720192459876.htm
2024-07-20 21:08:00,"Khi nhiệt độ tiếp tục tăng, các thiết bị điện và đồ gia dụng khác nhau trong nhà được sử dụng rất thường xuyên.",https://soha.vn/thoi-tiet-nang-nong-nhat-dinh-dung-tri-hoan-viec-don-dep-4-thu-nay-198240720190925747.htm
2024-07-20 20:32:00,"Khi vệ sinh tủ lạnh, đa số mọi người chỉ làm sạch các ngăn phía trong tủ mà không biết ở phía sau có một bộ phận quan trọng cũng cần được vệ sinh sạch sẽ.",https://soha.vn/bo-phan-dac-biet-o-phia-sau-tu-lanh-nua-nam-nen-lam-sach-mot-lan-198240720190428637.htm
2024-07-20 20:00:00,"Một khảo sát đã chỉ ra những thói quen tích cực của bố mẹ sẽ giúp con cái trở nên thông minh, học giỏi hơn.",https://soha.vn/ket-qua-khao-sat-bo-me-kieu-nay-thuong-co-con-thong-minh-hoc-gioi-chi-so-iq-cao-ngat-nguong-198240720075412331.htm
2024-07-20 19:33:00,"Nếu không nói trước, chưa chắc người xem đã nghĩ đây là thạch bởi quá giống đồ ăn thật.",https://soha.vn/nhung-mon-thach-khien-nguoi-xem-nhin-xong-ma-nghi-ngo-the-gioi-xung-quanh-198240720185241689.htm
2024-07-20 19:00:00,"Quản lý tài chính hiệu quả là yếu tố quan trọng góp phần giúp xây dựng giàu có cho vợ chồng, bất kể thu nhập cao hay thấp.",https://soha.vn/dinh-cao-ven-kheo-tu-hai-ban-tay-trang-vo-chong-luong-20-trieu-thang-mua-duoc-manh-dat-800-trieu-tat-ca-nho-1-nguyen-tac-quan-ly-tai-chinh-198240720125731414.htm
2024-07-20 18:45:00,"Tại Mỹ, hàng nghìn chuyến bay đã phải hoãn, hủy chuyến, một số dịch vụ công tại bang Maryland đã phải đóng cửa do sự cố mạng máy tính.",https://soha.vn/su-co-mang-may-tinh-gay-gian-doan-4000-chuyen-bay-o-my-198240720184533727.htm
2024-07-20 18:06:00,"Đoạn video cho thấy con tàu chìm trong biển lửa dữ dội cùng những cột khói cao ngút ngoài khơi bờ biển Marmaris, Thổ Nhĩ Kỳ.",https://soha.vn/ky-nghi-kinh-hoang-du-thuyen-cho-110-nguoi-boc-chay-du-doi-du-khach-hoang-loan-nhay-xuong-nuoc-thoat-than-198240720172328258.htm
2024-07-20 17:41:00,"Để đảm bảo hương vị và chất lượng dinh dưỡng của món ăn khi sử dụng thịt bò đông lạnh, bạn cần biết mẹo rã đông thịt bò nhanh chóng mà không bị mất chất.",https://soha.vn/meo-ra-dong-thit-bo-nhanh-chong-ma-khong-bi-mat-chat-19824072017195353.htm
2024-07-20 17:12:00,"Chàng trai 31 tuổi người Trung Quốc yêu vợ đến mức chấp nhận mua nhà cách nơi làm việc 160km, mỗi ngày mất 6 tiếng đi lại bằng nhiều phương tiện khác nhau.",https://soha.vn/nguoi-chong-vuot-320km-moi-ngay-de-di-lam-chi-vi-tinh-yeu-danh-cho-vo-198240720171303282.htm
2024-07-20 16:02:00,Xu hướng tiết kiệm bằng cách đi chợ theo tuần ngày càng phổ biến với chị em nội trợ khắp cả nước.,https://soha.vn/tien-cho-cua-gia-dinh-3-nguoi-gay-tranh-cai-chi-400k-tuan-ma-rau-cu-tuoi-ngon-thit-ca-de-hue-198240720080350425.htm
2024-07-20 16:00:00,"Tận dụng nhiệt độ từ cục nóng để làm khô đồ đạc là ý tưởng không ít người nghĩ đến, liệu có nên phơi quần áo, chăn màn trên cục nóng điều hòa cho nhanh khô?",https://soha.vn/co-nen-phoi-quan-ao-chan-man-tren-cuc-nong-dieu-hoa-cho-nhanh-kho-198240720125403415.htm
2024-07-20 15:29:00,"Tuần mới từ 22/7 đến 28/7 mang đến nhiều may mắn cho tuổi Dần, Thân và Sửu. Cơ hội tài lộc và tình cảm đang chờ đợi bạn. Đọc ngay để biết chi tiết!",https://soha.vn/tu-vi-tuan-moi-22-7-28-7-top-3-con-giap-may-man-nhat-nhan-duoc-nhieu-yeu-thuong-lan-tai-loc-tu-than-tai-198240720103043765.htm
2024-07-20 15:00:00,"Công ty Night Escape House giúp phụ nữ bị bạo hành trốn thoát an toàn. Dịch vụ chuyển nhà bí mật này cung cấp tư vấn 24/24h, đảm bảo tính bảo mật cao và hỗ trợ nhiều nạn nhân bạo lực gia đình.",https://soha.vn/nhung-phu-nu-chay-tron-chong-vu-phu-bang-dich-vu-chuyen-nha-bi-mat-198240720112708334.htm
2024-07-20 14:36:00,"Người đàn ông Thượng Hải quyết không bật điều hòa để tiết kiệm tiền điện, dẫn đến say nắng và hôn mê khi nhiệt độ cơ thể lên tới 42°C. Điều này cảnh báo về nguy cơ sức khỏe trong thời tiết nắng nóng. Bật điều hòa và cân bằng nước là cần thiết.",https://soha.vn/tiec-tien-dien-khong-chiu-bat-dieu-hoa-nguoi-dan-ong-bat-tinh-vi-nong-198240720112352941.htm
2024-07-19 15:53:00,"Bà Nguyễn Thị Như Loan, Tổng Giám Đốc Quốc Cường Gia Lai, bị bắt tạm giam để điều tra về tội vi phạm quy định về quản lý, sử dụng tài sản Nhà nước. Cảnh sát đã khám xét nhà riêng và thu thập tài liệu liên quan.",https://soha.vn/bat-tam-giam-ba-nguyen-thi-nhu-loan-tong-gd-cong-ty-quoc-cuong-gia-lai-198240719135514628.htm
2024-07-17 10:36:00,Thái Nguyên: Hiện trường tan hoang sau tiếng nổ cực lớn ở lò đậu phụ khiến 1 người chết.,https://soha.vn/thai-nguyen-hien-truong-tan-hoang-sau-tieng-no-cuc-lon-o-lo-dau-phu-khien-1-nguoi-chet-198240717100256105.htm
2024-07-16 07:45:00,"Vụ án giết người ở quận 12 rồi tự sát: Ngày 16/7, Công an quận 12 (TP.HCM) vẫn đang phối hợp với các đơn vị liên quan điều tra vụ người đàn ông đâm chết một phụ nữ rồi tự sát tại một quán trà sữa.",https://soha.vn/an-mang-khien-2-nguoi-tu-vong-o-quan-tra-sua-noi-tieng-nguoi-dan-ong-chay-di-mua-dao-giua-luc-mua-to-198240716071822293.htm
2024-07-13 10:39:00,"Vụ sạt lở Hà Giang khiến 7 người tử vong thương tâm, trong đó có một em nhỏ 6 tuổi.",https://soha.vn/vu-sat-lo-thuong-tam-o-ha-giang-xe-di-an-hoi-thi-gap-nan-da-co-9-nguoi-tu-vong-198240713103934102.htm
2024-07-13 10:00:00,"Đến 9h ngày 13/7, lực lượng chức năng tiếp tục tìm kiếm nạn nhân mất tích trong vụ sạt lở đất, vùi lấp xe khách làm hơn 10 người thương vong xảy ra ở Hà Giang.",https://soha.vn/hien-truong-vu-sat-lo-dat-vui-lap-xe-khach-khien-nhieu-nguoi-tu-vong-o-ha-giang-198240713095013332.htm
2024-07-13 09:54:00,"Sạt lở đất vùi lấp xe khách ở Hà Giang: 7 người tử vong, cứu hộ tiếp tục.",https://soha.vn/hien-truong-vu-sat-lo-dat-vui-lap-xe-khach-o-ha-giang-khien-it-nhat-8-nguoi-tu-vong-198240713093217061.htm
2024-07-13 09:42:00,"Vụ sạt lở đất ở Hà Giang vùi lấp xe khách khiến 8 người tử vong, 4 người bị thương.",https://soha.vn/vu-sat-lo-dat-vui-lap-xe-khach-o-ha-giang-da-tim-thay-12-nguoi-trong-do-8-nguoi-tu-vong-198240713094119017.htm
2024-07-13 09:33:00,Cơ quan chức năng xác định danh tính 5 nạn nhân tử vong trong vụ sạt lở đất Hà Giang.,https://soha.vn/danh-tinh-cac-nan-nhan-trong-vu-sat-lo-dat-vui-lap-xe-khach-o-ha-giang-198240713092959903.htm
2024-07-13 09:30:00,"Sạt lở vùi lấp xe 16 chỗ tại Hà Giang, 3 người hỗ trợ gặp nạn.",https://soha.vn/sat-lo-vui-lap-xe-16-cho-o-ha-giang-3-nguoi-den-ho-tro-cung-gap-nan-198240713092828168.htm
2024-07-12 18:00:00,"Xem tử vi: 4 con giáp may mắn tháng 8, đón nhận tài lộc và thành công rực rỡ.",https://soha.vn/4-con-giap-gap-may-man-trong-thang-8-di-den-dau-cung-co-nguoi-giup-do-tai-van-hanh-thong-tien-ve-day-tui-198240712151245529.htm
2024-07-12 15:56:00,Đất sử dụng 50 năm sắp hết hạn từ 1/8. Đọc bài để biết quy định mới.,https://soha.vn/dat-su-dung-50-nam-sap-het-thoi-han-duoc-quy-dinh-ra-sao-tu-1-8-198240712140640504.htm
2024-07-11 13:31:00,Nguyên nhân ban đầu vụ tai nạn liên hoàn trên cao tốc Hà Nội - Hải Phòng đã được Cục CSGT thông tin.,https://soha.vn/nguyen-nhan-3-o-to-tong-lien-hoan-tren-cao-toc-lam-2-nguoi-chet-nhieu-nguoi-bi-vang-xuong-duong-198240711133134856.htm
2024-07-20 19:06:00,Tính năng mới này sẽ giúp khôi phục các hình ảnh và video bị mất hoặc bị hỏng trên các thiết bị iOS 18.,https://soha.vn/iphone-sap-co-tinh-nang-chua-tung-co-tu-nay-nguoi-dung-khong-so-mat-anh-va-video-198240718095429224.htm
2024-07-20 11:33:00,Tay súng cố ám sát cựu Tổng thống Donald Trump đã dùng thiết bị này để khảo sát địa điểm ít nhất một lần trước khi hành động.,https://soha.vn/hoa-ra-tu-6-ngay-truoc-ke-am-sat-hut-ong-trump-da-dung-mon-do-nay-de-len-ke-hoach-gan-nhu-hoan-hao-198240720113359054.htm
2024-07-20 07:00:00,"""Đây là thị trường cực kỳ thú vị, cũng là trọng tâm chính của Apple"", CEO Tim Cook từng nhấn mạnh.",https://soha.vn/khong-phai-trung-quoc-quoc-gia-nay-moi-la-thi-truong-beo-bo-nhat-cua-apple-198240718094642304.htm
2024-07-19 19:00:00,"Google Maps vừa bổ sung thêm nhiều tính năng hữu ích. Điều này khiến nhiều người dùng đặt câu hỏi: Liệu đã đến lúc Apple Maps bị ""soán ngôi"" ngay trên chính ""sân nhà""?",https://soha.vn/2-nang-cap-dang-gia-cua-google-maps-nguoi-dung-iphone-lieu-co-quay-xe-19824071813554529.htm
2024-07-19 11:00:00,"Bên trong điện thoại kẻ ám sát Trump, FBI tìm thấy ảnh và thông tin về cựu Tổng thống cùng các quan chức khác. Công nghệ Cellebrite giúp phá khóa nhanh chóng.",https://soha.vn/40-phut-pha-khoa-dien-thoai-samsung-cua-ke-am-sat-hut-ong-trump-phat-hien-anh-va-thong-tin-bat-thuong-198240719093525216.htm
2024-07-19 07:00:00,Nâng cấp đỉnh cao trên iPhone 16 khiến Apple tự tin bán hơn 90 triệu chiếc.,https://soha.vn/nang-cap-dinh-chop-nao-tren-iphone-16-khien-apple-tu-tin-ban-duoc-hon-90-trieu-chiec-198240717093548488.htm
2024-07-20 20:33:00,"Theo cây viết Sergey Marzhetsky của trang tin Topcor, mặc dù thứ vũ khí này ""rất ấn tượng"" nhưng sẽ chỉ là vấn đề thời gian trước khi Nga có ""câu trả lời"".",https://soha.vn/chuyen-gia-nga-loi-hoi-dap-cho-thu-ma-ho-dang-rom-ra-ban-tan-198240720141953421.htm
2024-07-18 11:16:00,"Có quá nhiều điểm tương đồng khi cùng là điện thoại cao cấp nhất của Samsung, Galaxy S24 Ultra thực tế chính là đối thủ ngáng đường lớn nhất của Galaxy Z Fold 6.",https://soha.vn/tinh-the-ga-nha-da-nhau-oai-oam-cua-samsung-chinh-vi-s24-ultra-qua-tot-nen-galaxy-z-fold-6-moi-kho-ban-198240718111659384.htm
2024-07-20 22:11:00,"Xiaomi MIX Flip, smartphone gập vỏ sò đầu tiên của Xiaomi, nổi bật với thiết kế đẹp mắt, màn hình phụ 4,01 inch lớn nhất, pin 4780mAh, và giá bán hấp dẫn chỉ từ 20,9 triệu đồng, rẻ hơn Galaxy Z Flip6.",https://soha.vn/can-canh-xiaomi-mix-flip-thiet-ke-cuc-dep-man-hinh-phu-xin-nhat-the-gioi-pin-cung-lon-nhat-gia-re-hon-galaxy-z-flip6-198240720110355102.htm
2024-07-20 21:00:00,Thảm họa khiến hàng loạt PC chạy Windows gặp màn hình xanh chết chóc. Lỗi không xuất phát từ Microsoft mà từ bản cập nhật của CrowdStrike. CrowdStrike đã xác định nguyên nhân và đang khắc phục sự cố.,https://soha.vn/tham-hoa-khien-hang-loat-pc-chay-windows-bi-man-hinh-xanh-tai-sao-loi-khong-den-tu-microsoft-198240720110824247.htm
2024-07-20 20:08:00,Các nhà đầu tư tiền ảo Pi đang vỡ mộng khi mất nhiều thời gian và tiền bạc mà không thu được kết quả. Hãy tìm hiểu rủi ro và những cú lừa đảo liên quan đến Pi Network để tránh thiệt hại tài sản và tinh thần.,https://soha.vn/vo-mong-dau-tu-tien-ao-pi-198240720111040483.htm
2024-07-20 15:11:00,Samsung phải trì hoãn phát hành Galaxy Buds3 Pro do vấn đề chất lượng. Đầu tai nghe silicon bị rách khiến sản phẩm bị lùi ngày ra mắt. Samsung đã xin lỗi và hướng dẫn tháo lắp an toàn cho người dùng.,https://soha.vn/samsung-lai-phai-dau-dau-giai-quyet-chat-luong-san-pham-198240720112238253.htm
2024-07-20 14:00:00,"Southwest Airlines tránh được sự cố màn hình xanh toàn cầu nhờ sử dụng hệ điều hành cũ như Windows 3.1 và 95. Trong khi các hãng hàng không khác như Delta và American gặp rắc rối, Southwest vẫn hoạt động suôn sẻ.",https://soha.vn/quen-khong-cap-nhat-he-dieu-hanh-mot-hang-hang-khong-thoat-khoi-dai-nan-man-hinh-xanh-198240720112427035.htm
2024-07-20 13:16:00,"Samsung Galaxy Z Fold 6 hiện tại vẫn dày khi gập lại, nhưng Samsung đang lên kế hoạch ra mắt phiên bản siêu mỏng chỉ 7 mm. Dòng Galaxy Z Fold sắp tới hứa hẹn sẽ gây ấn tượng với thiết kế mỏng nhẹ hơn. Liệu Samsung có thể vượt qua thách thức này?",https://soha.vn/samsung-muon-lam-dien-thoai-gap-sieu-mong-chi-7-mm-198240719101358737.htm
2024-07-20 10:16:00,"Samsung dự kiến ra mắt Galaxy Tab S10 với chip MediaTek Dimensity 9300 Plus, có thể gây thất vọng so với Snapdragon 8 Gen 3. Sản phẩm dự kiến công bố vào tháng 10 cùng với điện thoại màn hình gập mới Fold 6 Ultra.",https://soha.vn/tin-don-moi-nhat-ve-dong-galaxy-tab-s10-cua-samsung-198240719100342386.htm
2024-07-20 09:14:00,"Cảnh báo về 9 số điện thoại có dấu hiệu lừa đảo, người dân cần cẩn trọng để tránh mất tiền và lộ thông tin cá nhân. Hãy chặn ngay những số điện thoại này để bảo vệ mình khỏi các cuộc gọi rác và lừa đảo.",https://soha.vn/cong-khai-9-so-dien-thoai-khong-nen-nghe-goi-chan-so-ngay-de-tranh-bi-lua-dao-mat-tien-198240719095839973.htm
2024-07-20 08:14:00,Công an Hà Nội cảnh báo về phần mềm Dịch vụ công giả mạo. Một người phụ nữ bị chiếm đoạt 500 triệu đồng sau khi cài đặt phần mềm này. Hãy cảnh giác và bảo vệ tài sản của mình.,https://soha.vn/cai-dat-phan-mem-dich-vu-cong-gia-mao-nguoi-phu-nu-bi-chiem-doat-500-trieu-dong-198240719095601023.htm
2024-07-19 23:15:00,"FBI đã nhanh chóng mở khóa điện thoại của thủ phạm bắn ông Donald Trump nhờ phần mềm Cellebrite. Phần mềm mới này giúp FBI truy cập thiết bị chỉ trong 40 phút, vượt qua những hạn chế ban đầu.",https://soha.vn/nho-phan-mem-nay-fbi-chi-mat-40-phut-de-be-khoa-dien-thoai-cua-thu-pham-ban-ong-trump-198240719100158291.htm
2024-07-19 22:13:00,"HMD Global ra mắt Skyline, kế thừa phong cách Nokia Lumia 920, chạy Android 14, chip Snapdragon 7s Gen 2, RAM 12 GB và dễ sửa chữa. Skyline hứa hẹn mang lại trải nghiệm tuyệt vời cho người dùng yêu thích sự bền bỉ và hiện đại.",https://soha.vn/hmd-global-dua-huyen-thoai-nokia-lumia-920-tro-lai-voi-skyline-198240719101739211.htm
2024-07-19 21:13:00,"AT&T vừa thông báo dữ liệu khách hàng bị đánh cắp, nhấn mạnh tầm quan trọng của luật bảo mật dữ liệu. Tuy nhiên, các quy định bảo vệ khách hàng vẫn gặp khó khăn trong việc thông qua. Liệu có cần những thay đổi lớn trong luật bảo mật dữ liệu?",https://soha.vn/cong-ty-vien-thong-hang-dau-my-bi-hack-bao-ve-du-lieu-la-mot-cuoc-chien-lon-198240719103405517.htm
2024-07-19 20:00:00,"Trước sự rò rỉ tràn lan, Google quyết định công bố Pixel 9 Pro và Pixel 9 Pro Fold tích hợp AI Gemini. Các tính năng mới bao gồm thiết kế camera viên nang và cảm biến Sony IMX858. Sự kiện Made by Google hứa hẹn nhiều bất ngờ.",https://soha.vn/bi-ro-ri-qua-nhieu-google-cong-bo-luon-pixel-9-pro-va-pixel-9-pro-fold-tich-hop-gemini-ai-198240719104645136.htm
2024-07-19 19:30:00,Sức hút của Bomber VNG ngay khi đổ bộ vào thị trường Việt Nam đã được chứng tỏ thông qua buổi livestream siêu nhộn cùng với MisThy và Hoàng Diệp Anh (Bank).,https://soha.vn/trai-nghiem-suc-hut-vo-cung-tan-cung-misthy-va-hoang-diep-anh-bank-cua-bomber-vng-198240719174047494.htm
2024-07-19 19:30:00,"Chỉ vừa mới gia nhập vũ trụ smartphone Android tại Thế Giới Di Động, nhưng HONOR đã ghi dấu ấn mạnh mẽ với người dùng bằng hệ sinh thái sản phẩm đa dạng, chất lượng vượt trội.",https://soha.vn/con-sot-honor-viet-nam-trong-mua-uu-dai-back-to-school-tai-the-gioi-di-dong-198240719173016387.htm
2024-07-19 18:28:00,"(NLĐO)- Cục trưởng Cục Hàng không Đinh Việt Thắng cho biết sự cố liên quan đến Windows của Microsoft có ảnh hưởng đến một số máy tính của hãng hàng không ở một số sân bay song đã được Cục xử lý, khắc phục kịp thời",https://soha.vn/sap-he-thong-may-tinh-toan-cau-hang-khong-viet-nam-bi-anh-huong-the-nao-198240719182900794.htm
2024-07-19 18:09:00,"OnePlus Nord 4 chính thức ra mắt với thiết kế kim loại nguyên khối, chip Snapdragon 7+ Gen 3 và màn hình 120Hz. Camera 50MP và sạc nhanh 100W giúp Nord 4 nổi bật trong phân khúc tầm trung. Đặt hàng ngay để nhận ưu đãi hấp dẫn.",https://soha.vn/oneplus-nord-4-ra-mat-voi-thiet-ke-bang-kim-loai-198240719153007215.htm
2024-07-19 15:24:00,"Samsung Galaxy Z Fold 6 Ultra sẽ ra mắt độc quyền tại Trung Quốc và Hàn Quốc vào tháng 10 tới. Phiên bản cao cấp này mang đến nhiều tính năng vượt trội, hứa hẹn tạo nên sức hút mạnh mẽ trên thị trường.",https://soha.vn/samsung-galaxy-z-fold-6-ban-ultra-chi-co-o-trung-quoc-va-han-quoc-198240718131304451.htm
2024-07-19 14:23:00,Mẫu máy này sẽ chính thức được ra mắt vào ngày 19/7 tới.,https://soha.vn/xiaomi-ra-mat-smartphone-hop-tac-cung-lamborghini-198240718131436684.htm
2024-07-19 13:21:00,"Các hóa chất độc hại gây ung thư vẫn được bán trên sàn thương mại điện tử. Luật pháp cấm kinh doanh hóa chất nguy hiểm trực tuyến, nhưng vẫn tồn tại nhiều vi phạm. Việc kinh doanh hóa chất cần tuân thủ quy định nghiêm ngặt.",https://soha.vn/san-thuong-mai-dien-tu-co-duoc-ban-cac-loai-hoa-chat-doc-hai-198240718131726795.htm
2024-07-20 14:29:00,"""Anh Lại Văn Sâm đồng ý cho tôi ra hát, thế là tôi lên hát một bài và được lan tỏa dữ dội"" – diva Mỹ Linh chia sẻ.",https://soha.vn/mot-ca-si-xin-lai-van-sam-len-hat-va-noi-tieng-luon-di-hat-nhieu-toi-muc-mai-moi-tot-nghiep-19824072014001801.htm
2024-07-20 13:27:00,"Trong những năm cuối đời, Bác đã trao tặng cho NSND Thanh Huyền chiếc Huy hiệu Bác Hồ. Kỷ vật quý giá này không phải ca sĩ nào cũng có được.",https://soha.vn/nu-nsnd-14-tuoi-da-duoc-hat-truoc-bac-duoc-bac-khen-ngoi-la-ai-198240720131038185.htm
2024-07-19 19:12:00,"""Mọi người nói hay đóng vai khổ sẽ bị vận vào người nhưng không phải. Tôi thấy mình thoải mái và đang có cuộc sống bình yên bên gia đình"", NSND Bài Bình chia sẻ.",https://soha.vn/nam-nsnd-co-guong-mat-khac-kho-hon-40-nam-gan-bo-ben-vo-la-my-nhan-nuc-tieng-u70-song-gian-di-binh-yen-198240719164710192.htm
2024-07-20 07:15:00,"""Có những thứ giá trị hơn bất động sản, tiền bạc và với tôi, đó là trí tuệ, tâm hồn, là sự phấn đấu, nỗ lực trong học tập để có được vị trí trong xã hội này"" – Nhật Huyền chia sẻ.",https://soha.vn/nu-trung-ta-thac-si-bo-13-ty-lam-nhac-toi-khong-co-dai-gia-hay-lam-viec-khuat-tat-nhu-don-dai-198240719171628766.htm
2024-07-19 14:00:00,"""Hòa Hiệp với Ngọc Lan ra đường bị ghét cực kỳ. Họ bảo, con này mặt phải sao mới đóng được vai đó"", diễn viên Nguyễn Lê Bá Thắng chia sẻ.",https://soha.vn/mot-dien-vien-noi-tieng-hoa-hiep-va-ngoc-lan-ra-duong-bi-ghet-cuc-ky-198240719110606081.htm
2024-07-19 13:30:00,"""Tôi mua nhà, sửa nhà, sửa mũi, đầu tư kinh doanh, khai trương… đều không coi ngày"" – NSƯT Cát Tường chia sẻ.",https://soha.vn/mot-nu-nsut-bi-con-gai-noi-me-cu-mua-nha-cho-me-cu-dung-ten-me-con-khong-can-198240719112048837.htm
2024-07-19 10:01:00,"""Đả nữ Hong Kong"" Trịnh Bội Bội qua đời vì bệnh tật, tuổi già, hưởng thọ 78 tuổi.",https://soha.vn/nu-hoang-phim-chuong-lung-lay-hong-kong-qua-doi-cuoc-doi-dam-bi-kich-nhung-manh-me-vinh-quang-198240719100147197.htm
2024-07-18 19:00:00,"""Tôi không bao giờ dùng chất kích thích vì không muốn sức khỏe có vấn đề"" – Noo Phước Thịnh chia sẻ.",https://soha.vn/noo-phuoc-thinh-noi-gi-khi-bi-nghi-dung-chat-kich-thich-dan-den-bieu-hien-la-198240718151435574.htm
2024-07-20 19:37:00,"Ca nương Kiều Anh đã giới thiệu với khán giả căn hộ chung cư cao cấp trị giá hàng chục tỷ đồng cô đang ở, với diện tích lên đến 350 mét vuông.",https://soha.vn/mot-nu-ca-nuong-khoe-nha-hang-chuc-ty-rong-350-m2-nhu-resort-noi-that-dat-tien-198240720145231912.htm
2024-07-20 19:30:00,"Đó chính là Đại tá - NSND Khương Đức Thuận. Tính đến năm 2024, ông là 1 trong 8 NSND thuộc lực lượng Công an Nhân dân Việt Nam.",https://soha.vn/nam-nsnd-la-dai-ta-cong-an-noi-tieng-ca-nuoc-nhung-doi-tu-luon-la-mot-bi-mat-198240720135418764.htm
2024-07-20 19:16:00,"Ở tuổi 13, Nguyệt Cát - con gái Thúy Nga ngày càng xinh đẹp và ra dáng một thiếu nữ.",https://soha.vn/con-gai-tuoi-13-cua-thuy-nga-ra-dang-thieu-nu-chieu-cao-va-nhan-sac-deu-vuot-troi-me-198240720185658474.htm
2024-07-20 14:37:00,"Đây chính là mỹ nhân Vbiz ""mở bát"" thành tích của đại diện Việt Nam ở đấu trường Miss Universe.",https://soha.vn/miss-universe-vietnam-dau-tien-gio-ra-sao-19824072014380716.htm
2024-07-20 11:52:00,"Cúc Tịnh Y đang trong giai đoạn bước ngoặt của sự nghiệp. Mỹ nữ ""4.000 năm có một"" thường xuyên trở thành tâm điểm chú ý của truyền thông.",https://soha.vn/my-nu-4000-nam-cuc-tinh-y-bi-che-nhao-198240720115252108.htm
2024-07-20 11:49:00,Nữ diễn viên đóng vai Dì ghẻ trong phim Việt là ngôi sao xinh đẹp nức tiếng.,https://soha.vn/nu-dien-vien-dong-vai-di-ghe-trong-phim-viet-la-ngoi-sao-xinh-dep-nuc-tieng-198240720114926529.htm
2024-07-20 11:43:00,"Sau khi đăng quang Mr World Vietnam 2024, Top 3 của cuộc thi đã có những hoạt động thiện nguyện ý nghĩa đầu tiên dành cho trẻ em mồ côi.",https://soha.vn/nam-vuong-a-vuong-mr-world-vietnam-2024-mang-trung-thu-som-cho-tre-mo-coi-198240720113215694.htm
2024-07-20 09:09:00,"Loạt khoảnh khắc huyền thoại của dàn mỹ nhân Cbiz như Lưu Diệc Phi, Địch Lệ Nhiệt Ba... đang được dân tình đào lại và bàn tán xôn xao.",https://soha.vn/dich-le-nhiet-ba-dep-khuynh-dao-mxh-co-huyen-thoai-bang-khoanh-khac-roi-le-cua-my-nhan-nay-198240720090957618.htm
2024-07-20 08:56:00,"Nhiều game show, sự kiện giải trí của nghệ sĩ Việt thông báo hoãn, chuyển sang thời gian thích hợp hơn.",https://soha.vn/loat-game-show-dem-nhac-dung-song-198240720085629901.htm
2024-07-20 08:54:00,"Gia đình và Nhà hát Kịch Việt Nam thống nhất tổ chức lễ tang ấm cúng, trang trọng dành cho NSƯT Bùi Phương Nga. Chị được tiễn biệt bằng bài nhạc không lời Khúc mùa thu (nhạc sĩ Phú Quang) và những bông hồng tươi thắm.",https://soha.vn/ly-do-nha-hat-kich-dung-hoa-hong-tien-dua-nsut-bui-phuong-nga-198240720085417608.htm
2024-07-20 07:30:00,Nam tài tử này được mến mộ bởi tài năng và lòng chung thủy với bà xã.,https://soha.vn/my-nam-dien-dinh-den-muc-40-nam-chua-tung-that-bai-ca-su-nghiep-lan-nhan-cach-deu-dang-nguong-mo-198240720073027653.htm
2024-07-19 21:30:00,Sam tỏ ra khá vui mừng khi đón hai đồng nghiệp tới thăm nhà.,https://soha.vn/dong-nghiep-he-lo-nha-sang-cua-mot-nu-dien-vien-xinh-dep-noi-tieng-showbiz-198240719174808966.htm
2024-07-19 21:00:00,"Sau khi bị đình chỉ biểu diễn 9 tháng, Đàm Vĩnh Hưng lên tiếng xin lỗi khán giả, đồng thời thông báo huỷ show diễn ở nước ngoài trong thời gian tới.",https://soha.vn/dam-vinh-hung-huy-show-xin-loi-khan-gia-sau-khi-bi-cam-dien-9-thang-198240719203533405.htm
2024-07-19 20:22:00,"Mai Phương Thúy cho biết cô đã trữ đông trứng và đang lên kế hoạch kết hôn, sinh con sớm nhất có thể vì lo ngại vấn đề tuổi tác.",https://soha.vn/mai-phuong-thuy-tuoi-u40-da-tru-dong-trung-muon-ket-hon-va-sinh-con-som-198240719202230056.htm
2024-07-19 20:00:00,Mỹ nhân quyền lực hàng đầu giới giải trí giờ đây xuất hiện với nhan sắc tụt dốc gây ngỡ ngàng.,https://soha.vn/tu-hy-vien-lo-dien-xuong-sac-gay-soc-sau-gan-2-nam-o-an-con-dau-my-nhan-vuon-sao-bang-nam-nao-198240719170818066.htm
2024-07-19 19:30:00,"Sau 5 năm về chung nhà, vợ chồng Cường Đô La sở hữu khối tài sản bao gồm nhà cửa, siêu xe, đồ hiệu... cực khủng.",https://soha.vn/vo-chong-dam-thu-trang-va-cuong-do-la-giau-co-nao-198240719170533232.htm
2024-07-19 18:29:00,"""Nói đi cũng phải nói lại. Nghệ sĩ cũng có người thương người ghét, không phải ai cũng thương"" – NSƯT Bảo Quốc chia sẻ.",https://soha.vn/nsut-bao-quoc-nhan-20-nguoi-ghet-minh-toi-xin-loi-vi-da-lam-phien-198240719155515448.htm
2024-07-19 17:17:00,Trần Bảo Châu đang là cái tên thu hút sự chú ý của làng thời trang Việt Nam khi liên tục gặt hái thành công và khẳng định bản thân trên bản đồ thời trang quốc tế.,https://soha.vn/nang-mau-tran-bao-chau-xuat-hien-o-san-dien-quoc-te-voi-vai-tro-kol-198240719171757861.htm
2024-07-19 16:36:00,"""Tôi mồ côi cha 40 năm, mồ côi mẹ 20 năm nên tôi coi tình cảm của mình với ba mẹ vợ như ba mẹ ruột và tôi cũng cảm nhận được là ba mẹ vợ rất thương tôi, quý tôi"", Hoàng Mập bày tỏ.",https://soha.vn/hoang-map-nhieu-nguoi-hoi-toi-o-re-co-thoai-mai-khong-co-bi-ba-me-vo-dom-ngo-khong-19824071916172749.htm
2024-07-19 16:00:00,"Thanh Hằng cho biết bị netizen tấn công, xúc phạm danh dự, uy tín và ảnh hưởng công việc nghiêm trọng từ sau những bài đăng trên Facebook cá nhân của Hoàng Thùy.",https://soha.vn/thanh-hang-to-cao-tai-khoan-facebook-hoang-thuy-nhung-gi-198240719152331901.htm
2024-07-20 18:13:00,"Theo nghiên cứu mới, những người mắc 2 sai lầm này khi ngủ có nguy cơ tổn thương vi mạch cao hơn, có thể dẫn tới suy thận và mù lòa.",https://soha.vn/2-sai-lam-khi-ngu-co-the-dan-den-suy-than-mu-loa-nguoi-tieu-duong-can-dac-biet-luu-y-19824071914483107.htm
2024-07-20 19:30:00,"Một cặp vợ chồng được chẩn đoán đều mắc bệnh ung thư. Cả hai ban đầu tưởng rằng ung thư là bệnh truyền nhiễm nhưng trên thực tế, nguyên nhân lại xuất phát từ chính thói quen sinh hoạt của họ.",https://soha.vn/2-vo-chong-cung-mac-1-loai-ung-thu-bs-noi-1-thoi-quen-an-uong-la-nguyen-nhan-kich-thich-khoi-u-phat-trien-198240720192956487.htm
2024-07-20 19:27:00,"Nhiều loại sữa kém chất lượng, không rõ nguồn gốc đang được quảng cáo và bán tràn lan trên mạng xã hội, len lỏi về các vùng quê và các cuộc hội thảo sức khỏe trá hình, có nguy cơ gây ảnh hưởng nghiêm trọng đến sức khỏe người sử dụng.",https://soha.vn/sua-co-ban-tran-lan-can-luu-y-gi-de-tranh-mua-nham-198240720192733564.htm
2024-07-20 14:13:00,"Không chỉ sở hữu vẻ ngoài độc đáo với những chiếc lá dài, nhọn và mọng nước, cây lưỡi hổ còn mang đến vô số lợi ích sức khỏe tuyệt vời mà bạn không thể bỏ qua.",https://soha.vn/cay-thuoc-quy-nguoi-viet-nha-nao-cung-trong-nhung-lai-chi-de-ngam-198240720094014968.htm
2024-07-20 17:13:00,Việc xem nhẹ hoặc nhầm lẫn một số dấu hiệu bất thường dễ dẫn tới mất đi cơ hội điều trị sớm và hiệu quả các bệnh ung thư.,https://soha.vn/nu-sinh-nhan-chan-doan-ung-thu-giai-doan-cuoi-vi-bo-lo-2-dau-hieu-suot-2-nam-198240720161607657.htm
2024-07-20 16:11:00,"Phát hiện chiếc xe máy chở theo cháu bé có dấu hiệu nguy kịch, bác sỹ Phan Nhân Hậu lập tức đuổi theo vào Trạm y tế xã Ngọc Lâm (huyện Thanh Chương, Nghệ An) và hỗ trợ cấp cứu thành công cho cháu bé bị đuối nước.",https://soha.vn/duoi-theo-xe-may-nguoi-la-vao-tram-y-te-bac-sy-cuu-be-2-tuoi-bi-duoi-nuoc-ngung-tim-198240720161127453.htm
2024-07-20 19:13:00,"Được mệnh danh là nữ hoàng của các loại cá nhờ hàm lượng protein dồi dào, thịt cá này mang đến nhiều lợi ích sức khỏe bất ngờ.",https://soha.vn/viet-nam-co-nu-hoang-cua-cac-loai-ca-an-vao-tot-cho-tim-mach-nao-bo-lai-chong-viem-hieu-qua-198240720161441254.htm
2024-07-20 12:49:00,Dưới đây là một số loại độc tố tự nhiên phổ biến nhất có thể gây nguy hiểm cho con người mà WHO cảnh báo.,https://soha.vn/who-canh-bao-7-mon-chua-chat-doc-toan-mon-quen-thuoc-voi-nguoi-viet-an-khong-dung-co-the-gay-lu-lan-ao-giac-198240720125054862.htm
2024-07-20 21:03:00,"Ở giai đoạn đặc biệt của cuộc đời, nếu người trung niên có khả năng miễn dịch mạnh mẽ, họ sẽ sở hữu 4 tình trạng rõ ràng sau đây. Tất cả đều đáng để ăn mừng.",https://soha.vn/sau-60-tuoi-neu-co-du-4-thu-sau-xin-chuc-mung-vi-ban-dang-so-huu-suc-de-khang-rat-manh-co-kha-nang-song-tho-198240720161812338.htm
2024-07-20 20:13:00,"Nguy cơ mắc bệnh tiểu đường type 2 có thể tăng 34% vì một cách ngủ rất hay gặp trong ""thời đại bận rộn"".",https://soha.vn/nghien-cuu-cach-ngu-cua-84000-nguoi-chi-ra-nguy-co-benh-tieu-duong-198240720124536722.htm
2024-07-20 15:14:00,"Loại nước này vừa rẻ lại vừa bổ dưỡng, rất tốt cho sức khỏe.",https://soha.vn/1-loai-nuoc-gia-re-beo-la-thuoc-truong-tho-nhung-nhieu-nguoi-khong-biet-giup-ha-duong-huyet-duong-gan-bo-mau-hieu-qua-198240720094219609.htm
2024-07-20 13:13:00,"Dứa là loại trái cây nhiệt đới cực kỳ ngon, giàu dinh dưỡng và tốt cho sức khỏe, nhưng không phải ai cũng có thể ăn được.",https://soha.vn/nhung-nguoi-khong-nen-an-qua-dua-19824072009381139.htm
2024-07-20 12:13:00,Bên cạnh những lợi ích là những điều cấm kỵ mà chúng ta cần biết khi ăn ngô.,https://soha.vn/ngo-la-thuc-pham-truong-tho-nhung-ai-khong-nen-an-19824072009365989.htm
2024-07-20 11:13:00,"Bác hiểu sau những gì đã xảy ra trong câu chuyện Sau đêm mặn nồng cùng tình cũ, tôi chết điếng khi nhận 'món quà' của chồng , thì sai lầm của cháu rất nghiêm trọng, khó có cơ hội để chồng tha thứ, khó có cơ hội để duy trì hạnh phúc gia đình.",https://soha.vn/dang-cung-tinh-cu-tra-phong-o-le-tan-khach-san-vo-lang-nguoi-khi-nhan-mon-do-chong-gui-dich-danh-198240720075230412.htm
2024-07-20 10:13:00,Cải xoong từng là loại rau mọc dại nhưng hiện được trồng làm rau ăn. Cải xoong có nhiều giá trị dinh dưỡng và được ví như 'thần dược của người nghèo'.,https://soha.vn/loai-rau-dai-tai-viet-nam-duoc-the-gioi-vi-la-than-duoc-cua-nguoi-ngheo-chua-day-duong-chat-quy-198240719215803746.htm
2024-07-20 09:25:00,"Đây là loại cỏ mọc dại quen thuộc với nhiều người, thường được dùng để cầm máu tại chỗ và còn rất nhiều công dụng khác.",https://soha.vn/viet-nam-co-1-loai-co-moc-day-duong-cam-mau-rat-nhay-pgs-khang-dinh-co-rat-nhieu-cong-dung-chong-tang-duong-huyet-manh-thai-doc-gan-ngua-ung-thu-hieu-qua-198240720084328849.htm
2024-07-20 08:37:00,Chúng ta thường quan tâm tới những bất thường cảnh báo bệnh gan mà quên mất rằng cũng có nhiều dấu hiệu cho thấy gan khỏe mạnh.,https://soha.vn/nguoi-so-huu-gan-tot-sang-ngu-day-co-the-se-phat-ra-3-tin-hieu-co-1-cung-la-may-man-198240720083720913.htm
2024-07-20 07:49:00,"Ngày 19/7, BS.Lê Hồng Nga, Phó giám đốc Trung tâm Kiểm soát Bệnh tật TPHCM (HCDC), cho biết, sau khi xảy ra trường hợp bệnh nhân tử vong do bệnh bạch hầu tại Nghệ An (ngày 5/7), người dân đi tiêm vắc xin phòng bệnh bạch hầu ở TPHCM có xu hướng gia tăng.",https://soha.vn/tphcm-chay-vac-xin-bach-hau-198240720074937246.htm
2024-07-20 06:32:00,"Mới đây, một bác sĩ chỉ ra 4 dấu hiệu cảnh báo bệnh tật ở bàn chân, nếu thấy thì nên đi khám sớm.",https://soha.vn/nhin-xuong-chan-ma-thay-4-dau-hieu-nay-thi-can-di-kham-som-khong-nen-chan-chu-198240719140744495.htm
2024-07-20 00:03:00,"Khi ân ái, nếu bạn mắc phải những điều tối kỵ dưới đây thì rất dễ làm đối phương mất hứng, sụt giảm khoái cảm cho cả hai.",https://soha.vn/7-dieu-toi-ky-khi-an-ai-198240719104911052.htm
2024-07-19 21:23:00,Nhiều thực khách sành ăn cho rằng: Đã ăn thịt dê là phải tới Ninh Bình. Bởi vì thịt dê ở nơi đây có hương vị khác biệt rõ rệt so với những mảnh đất khác.,https://soha.vn/mon-thit-bo-hon-sam-noi-danh-o-ninh-binh-tot-nhu-thuoc-bo-xuong-khop-nhung-can-biet-3-luu-y-khi-an-198240719212338573.htm
2024-07-19 20:27:00,Một chuyên gia sức khỏe đang làm việc tại Mỹ đã chỉ ra dấu hiệu cảnh báo gan đang suy yếu xuất hiện ở lòng bàn chân mà mọi người có thể dễ bị nhầm lẫn với các vấn đề sức khỏe khác.,https://soha.vn/chuyen-gia-chi-ra-dau-hieu-o-ban-chan-canh-bao-gan-suy-yeu-it-nguoi-chu-y-198240719164057971.htm
2024-07-19 19:31:00,"Thói quen ăn uống chứa nhiều đường, chất béo và muối lại khiến cho bệnh gan nhiễm mỡ trở nên khá phổ biến trong cuộc sống hiện đại.",https://soha.vn/2-loai-thuc-uong-co-cong-dung-bao-ve-gan-mua-he-an-nhieu-thuc-pham-nay-cung-tang-nguy-co-gan-nhiem-mo-198240719164809896.htm
2024-07-19 18:32:00,"Không chỉ chứa nhiều Omega-3 hơn cá hồi, loại hạt này dễ tìm này còn rất tốt cho người muốn giảm cân, bảo vệ tim mạch và xương khớp, đồng thời chống lão hóa da hiệu quả.",https://soha.vn/loai-sieu-hat-giau-omega-3-hon-ca-ca-hoi-hoa-ra-lai-cuc-de-mua-o-viet-nam-198240719163249593.htm
2024-07-19 17:26:00,"Cà chua là loại thực phẩm tươi ngon quen thuộc, đây cũng là một trong những loại thực phẩm tốt cho sức khỏe nếu bạn ăn đúng cách.",https://soha.vn/kien-tri-an-ca-chua-moi-ngay-sau-mot-nam-nguoi-dan-ong-nhan-ket-qua-bat-ngo-198240719155040676.htm
2024-07-19 16:21:00,PGS Hiếu khuyến cáo thuốc bổ được kê nhiều hơn thuốc điều trị có thể vô tình gây hại cho người bệnh.,https://soha.vn/1-don-thuoc-co-toi-4-loai-thuoc-bo-giam-doc-benh-vien-dai-hoc-y-ha-noi-liet-ke-3-tac-hai-198240719084704693.htm
2024-07-19 15:14:00,"3 cháu bé ở huyện Sa Thầy (Kon Tum) phải nhập viện cấp cứu do uống nhầm chất tẩy rửa có màu hồng, mùi thơm vị bạc hà, không có nhãn hiệu. Một cháu bé đã tử vong do uống quá nhiều.",https://soha.vn/lien-tiep-3-tre-o-kon-tum-uong-nham-1-chat-co-mau-hong-vi-tuong-la-nuoc-ngot-mot-chau-tu-vong-198240719151438419.htm
2024-07-19 15:09:00,"Ngày đầu đến làm việc, cô bảo mẫu có mức lương 42 triệu đồng/tháng đã làm em bé chết vì sặc sữa; vụ việc gây nên làn sóng phẫn nộ trong dư luận Trung Quốc.",https://soha.vn/bao-mau-luong-42-trieu-lam-em-be-chet-do-sac-sua-trong-ngay-dau-di-lam-198240719124822162.htm
2024-07-16 19:31:00,"Người mẹ nào cũng yêu con, nhưng cách yêu thương không đúng thậm chí còn có hại cho sự phát triển của trẻ.",https://soha.vn/nhung-dua-tre-khong-co-tuong-lai-ve-co-ban-nguoi-me-thuong-mac-3-thoi-quen-xau-nay-kiem-tra-xem-ban-mac-phai-bao-nhieu-198240716160803033.htm
2024-07-16 13:47:00,"Sau khi nghe giải thích từ giáo viên, người mẹ thậm chí vẫn không hề... hạ hoả.",https://soha.vn/phep-tinh-9-9-3-12-bi-co-giao-gach-cheo-phu-huynh-buc-xuc-den-gap-giao-vien-nghe-xong-cau-tra-loi-cang-them-nong-mat-198240716085853625.htm
2024-07-16 13:16:00,Nhiều người phì cười trước tình huống oái oăm. Tuy nhiên không ít người để lại những bình luận đầy nghiêm túc.,https://soha.vn/hai-dua-tre-mat-tich-bi-an-ngay-khi-chung-duoc-tim-thay-dan-mang-dat-cau-hoi-binh-thuong-cac-em-bi-cha-me-doa-den-co-nao-198240716085539843.htm
2024-07-16 08:55:00,Điều quyết định cuộc đời của một đứa trẻ không phải là thành tích học tập mà là một nhân cách lành mạnh.,https://soha.vn/con-trai-dang-dan-dau-lop-nhung-me-van-quyet-dinh-chuyen-con-ve-que-hoc-ly-do-khien-nhieu-phu-huynh-ne-phuc-tai-nang-la-dong-co-nhung-nhan-cach-moi-la-tay-lai-198240715211412939.htm
2024-07-15 23:33:00,Chuyên gia tâm lý gợi ý cách xử lý khi con không nghe lời bằng lòng trắc ẩn.,https://soha.vn/chuyen-gia-tam-ly-goi-y-6-cach-xu-ly-khi-con-khong-nghe-loi-198240715160556323.htm
2024-07-13 09:01:00,"5 quy tắc dạy con cần phải có, giúp trẻ sớm hình thành thói quen tốt.",https://soha.vn/5-quy-tac-day-con-nhat-dinh-can-phai-co-trong-gia-dinh-198240712215703243.htm
2024-07-12 12:30:00,"Trẻ em tuy còn nhỏ nhưng có thể bày tỏ tâm tư của mình thông qua hội họa, dùng hội họa để nói lên suy nghĩ của mình với cha mẹ.",https://soha.vn/con-gai-4-tuoi-me-ve-ran-con-doat-nhieu-giai-thuong-cha-me-tu-hao-nhung-chuyen-gia-tam-ly-canh-bao-hay-can-than-198240712005146386.htm
2024-07-12 08:27:00,"“Những nét tính cách, quan điểm sống, đời sống tinh thần, lối suy nghĩ và thói quen sinh hoạt của một người đều bị ảnh hưởng sâu sắc bởi gia đình và cha mẹ, thậm chí nhiều điều trong số đó còn có ảnh hưởng mang tính quyết định”.",https://soha.vn/tai-sao-cha-me-ngheo-kho-nuoi-day-nen-nhung-dua-con-co-tuong-lai-tuoi-sang-cau-tra-loi-phu-phang-198240711214412305.htm
2024-07-11 12:04:00,"Là một người mẹ, nếu đủ thông minh, bạn sẽ không để con mình phải đối mặt với nguy hiểm vì khoe khoang 4 điều sau đây.",https://soha.vn/nguoi-me-thong-minh-se-khong-khoe-khoang-4-dieu-ve-con-minh-neu-ban-khong-mac-phai-thi-con-cai-that-may-man-198240710211203643.htm
2024-07-10 21:36:00,7 điều trẻ không nên làm khi đến nhà bạn để giữ phép lịch sự và tôn trọng.,https://soha.vn/7-dieu-tre-khong-nen-lam-khi-den-nha-nguoi-khac-198240710100430638.htm
2024-07-09 14:34:00,Bố mẹ tái mặt khi cậu bé có năng khiếu làm phụ hồ kiếm tiền và không muốn đi học.,https://soha.vn/nghi-he-cau-be-9-tuoi-luoi-hoc-bi-bo-bat-di-lam-phu-ho-7-ngay-sau-bo-me-di-tim-thi-tai-mat-voi-canh-nay-19824070914343239.htm
2024-07-09 12:00:00,"Cha phạt con gái phải khóc đầy hộp nước mắt mới được xem tivi, gây tranh cãi.",https://soha.vn/cha-phat-con-gai-phai-khoc-day-hop-nuoc-mat-moi-duoc-xem-tivi-198240709113618301.htm
2024-07-20 19:50:00,Quang Hải và Hoàng Đức chọn V.League thay vì J.League hay Thai League. Liệu bóng đá Việt Nam đang rơi vào khủng hoảng như bóng đá Trung Quốc trước đây?,https://soha.vn/quang-hai-hoang-duc-dong-dieu-buoc-lui-bong-da-viet-nam-buoc-vao-con-khung-hoang-mang-ten-trung-quoc-198240720183614772.htm
2024-07-20 21:31:00,"Indonesia vẫn kiểm soát hoàn toàn trận đấu như trước Philippines nhưng lần này, họ chật vật mãi mới ghi được bàn thắng vào lưới Campuchia.",https://soha.vn/vo-duyen-den-la-indonesia-toat-mo-hoi-truoc-campuchia-198240720213210983.htm
2024-07-20 17:16:00,U19 Philippines chiến thắng 2-0 trước U19 Đông Timor khiến áp lực của U19 Việt Nam tạm nới lỏng nhưng vẫn đầy lo lắng. U19 Việt Nam cần thắng U19 Myanmar và U19 Lào để chắc vé đi tiếp. Khả năng cao U19 Đông Nam Á sẽ không dễ dàng cho tuyển Việt Nam.,https://soha.vn/hien-tuong-dong-nam-a-guc-nga-tuyen-viet-nam-van-ngap-tran-moi-lo-198240720171702114.htm
2024-07-20 14:30:00,"Công Phượng tại Yokohama FC đang gặp khó khăn khi không được thi đấu thường xuyên. Điều này gây lo ngại cho ĐT Việt Nam về phong độ của anh. Yokohama FC vẫn duy trì chuỗi bất bại, nhưng tương lai của Công Phượng cần được xem xét kỹ lưỡng.",https://soha.vn/con-cung-bau-duc-lam-canh-do-khoc-do-cuoi-dt-viet-nam-om-ton-that-lon-198240720141500279.htm
2024-07-20 10:30:00,"U19 Việt Nam đang lâm vào tình thế nguy hiểm, có thể phải rời giải ĐNÁ ngay sau vòng bảng. Tệ hơn nữa, U19 Việt Nam có khi còn đạt thành tích không bằng cả... U19 Đông Timor!",https://soha.vn/tiep-tuc-lap-chien-cong-doi-chieu-duoi-o-dna-day-viet-nam-vao-the-cuc-do-kho-xu-198240720100124182.htm
2024-03-07 15:19:00,"ĐT Việt Nam đối mặt với khó khăn khi thiếu ngôi sao Quế Ngọc Hải, liệu đây có là cơ hội cho lớp kế cận?",https://soha.vn/blv-quang-huy-dt-viet-nam-du-nguoi-con-lo-nua-la-thieu-nguoi-the-nay-198240307152046803.htm
2024-07-20 07:30:00,"Việt Nam và Thái Lan, hai nền bóng đá mạnh nhất Đông Nam Á, khởi đầu không tốt ở giải U19 năm 2024. Các đội U19 Malaysia, Australia và chủ nhà Indonesia thể hiện ấn tượng. Liệu U19 Đông Nam Á 2024 sẽ có tân vương mới?",https://soha.vn/viet-nam-thai-lan-gay-that-vong-dong-nam-a-lieu-co-tan-vuong-198240720071851132.htm
2024-07-20 07:00:00,Làng bóng đá Indonesia đang rất lo lắng vì HLV Shin Tae-yong bất ngờ đổ bệnh nặng.,https://soha.vn/hlv-shin-tae-yong-mac-benh-nang-bong-da-indonesia-dung-ngoi-khong-yen-198240720063746554.htm
2024-07-19 21:33:00,"U19 Singapore đã có những giây phút tạo ra bất ngờ, nhưng U19 Thái Lan vẫn giành trọn 3 điểm trong ngày ra quân giải U19 Đông Nam Á 2024.",https://soha.vn/giai-dong-nam-a-tuyen-viet-nam-bi-thai-lan-day-xuong-vi-tri-cuoi-co-nguy-co-khong-vuot-qua-vong-bang-198240719175645569.htm
2024-07-20 22:59:00,"Chiến lược chuyển nhượng của Man United đang thay đổi với bản hợp đồng 52,1 triệu bảng cho Leny Yoro. Liệu quyết định của Sir Jim Ratcliffe có mang lại hiệu quả?",https://soha.vn/chien-luoc-chuyen-nhuong-cua-man-united-dang-thay-doi-tot-hon-198240720225147553.htm
2024-07-20 22:18:00,"Với chiến thắng trước Tân Hiệp Hưng, CLB Thái Sơn Nam TPHCM đã chính thức đăng quang VĐQG 2024 trước hai vòng đấu cuối. Đội bóng này tiếp tục nâng cao kỷ lục với 13 lần vô địch, khẳng định sự thống trị trong làng futsal Việt Nam.",https://soha.vn/hanh-trinh-lap-ly-luc-vo-dich-cua-clb-thai-son-nam-tphcm-198240720221847876.htm
2024-07-20 21:10:00,U19 Việt Nam đối đầu U19 Australia với mục tiêu chiến thắng để giành vé vào bán kết U19 Đông Nam Á 2024. Trận hòa trước Myanmar khiến họ không còn đường lùi.,https://soha.vn/khong-con-duong-lui-u19-viet-nam-phai-thang-u19-australia-198240720205049331.htm
2024-07-20 20:40:00,"U19 Australia chỉ mang đội hình phụ đến giải U19 Đông Nam Á, thiếu vắng các ngôi sao như Garang Kuol và Joshua Rawlins. Đây là cơ hội để U19 Việt Nam làm nên bất ngờ trong trận đấu quyết định tấm vé vào bán kết.",https://soha.vn/doi-hinh-u19-australia-vang-hau-ve-gia-10-ty-dong-thieu-sao-ngoai-hang-anh-198240720204514051.htm
2024-07-20 20:00:00,"Ông Son Woong-jung, bố của danh thủ Son Heung-min cho biết ông sẽ tìm kiếm ‘những cách khác’ để giúp các cầu thủ trẻ tiếp tục tập luyện. Phương pháp hiện thời của ông có thể không xa lạ với cách dạy con của người Đông Á, nhưng lại bị phản đối ở nhiều nơi khác.",https://soha.vn/bo-son-heung-min-hua-thay-doi-sau-cao-buoc-dung-bao-luc-o-hoc-vien-bong-da-198240720190648614.htm
2024-07-20 16:59:00,Khát khao thoát khỏi Chelsea và tiếp tục thi đấu ở Serie A với HLV yêu thích Antonio Conte khiến tiền đạo Romelu Lukaku chấp nhận giảm nửa lương để có thể gia nhập Napoli càng sớm càng tốt.,https://soha.vn/romelu-lukaku-chap-nhan-giam-nua-luong-mong-tai-hop-hlv-antonio-conte-198240720162520581.htm
2024-07-20 16:10:00,"MU đang lên kế hoạch bán Casemiro và McTominay để có đủ ngân sách chiêu mộ Manuel Ugarte từ PSG. Các cuộc đàm phán đang diễn ra, với hy vọng hoàn tất trong vài tuần tới.",https://soha.vn/chuyen-nhuong-bong-da-20-7-mu-tim-cach-ban-casemiro-va-mctominay-198240720160500441.htm
2024-07-20 13:49:00,HLV Erik ten Hag cho rằng đội hình của Man United thiếu chiều sâu so với các đội bóng hàng đầu tại giải Ngoại hạng Anh.,https://soha.vn/hlv-ten-hag-thua-nhan-doi-hinh-cua-man-united-thieu-chieu-sau-198240720135044494.htm
2024-07-20 19:30:00,"Sau mùa giải đầy khó khăn, tương lai của Lương Xuân Trường tại CLB Hà Tĩnh vẫn chưa rõ ràng. Xuân Trường muốn gắn bó nhưng chưa ký hợp đồng mới. Người hâm mộ bóng đá đang rất quan tâm đến quyết định của CLB và cầu thủ này.",https://soha.vn/tuong-lai-cua-xuan-truong-van-bi-dat-dau-hoi-198240720185744565.htm
2024-07-20 18:55:00,"Tối 19/7, võ sĩ judo Hoàng Thị Tình là vận động viên đầu tiên của thể thao Việt Nam lên đường sang Pháp tham dự Olympic Paris 2024.",https://soha.vn/vo-si-hoang-thi-tinh-nhan-thuong-lon-neu-doat-huy-chuong-olympic-paris-2024-198240720185442486.htm
2024-07-20 16:45:00,"Kylian Mbappe đã chi hơn 10,5 triệu EUR để mua siêu biệt thự của Gareth Bale ở Madrid. Căn nhà có 8 phòng ngủ, 11 phòng tắm, hồ bơi, sân bóng đá và nhiều tiện ích hiện đại khác.",https://soha.vn/mappe-mua-lai-sieu-biet-thu-cua-gareth-bale-198240720161509221.htm
2023-11-28 16:30:00,"Với những người đẹp đánh golf, điều họ luôn chú trọng là động tác phải đẹp. Nhưng các huyền thoại golf lại chỉ ra rằng, họ có thể tạo nên một cú swing vừa đẹp vừa hiệu quả.",https://soha.vn/miss-golf-viet-nam-2022-le-thanh-tu-va-bai-hoc-tu-huyen-thoai-golf-20231128163327888.htm
2023-11-28 18:00:00,Gia đình của Messi vừa có bữa tối sang trọng tại một nhà hàng nằm tại Disney.,https://soha.vn/ba-xa-messi-khoe-duoc-an-toi-tai-nha-hang-co-tich-sang-trong-hanh-phuc-ben-chong-va-cac-con-20231128162256442.htm
2023-11-28 16:59:00,Dù bận lịch trình nhưng Hoà Minzy vẫn cố gắng góp mặt và hát tặng ở đám cưới Văn Hậu - Hải My được tổ chức tại 2 địa điểm vào 2 ngày trong tháng 11 này.,https://soha.vn/hoa-minzy-tiet-lo-ly-do-du-ban-van-den-hat-tang-dam-cuoi-van-hau-hai-my-20231128160512197.htm
2024-07-20 15:45:00,Bà xã thủ môn Bùi Tiến Dũng được khen đẹp người đẹp nết qua cách cư xử với mẹ chồng Việt.,https://soha.vn/vo-mau-tay-cua-bui-tien-dung-co-hanh-dong-hieu-thao-voi-me-chong-viet-khac-biet-ngon-ngu-khong-phai-rao-can-khi-thuc-su-yeu-thuong-198240720155324319.htm
2024-07-20 14:59:00,"CLB TP.HCM tiếp tục thay đổi đội hình trong kỳ chuyển nhượng V-League mới nhất, chia tay 13 cầu thủ, bao gồm nhiều trụ cột. Đáng chú ý, đội đã gia hạn hợp đồng với HLV Phùng Thanh Phương.",https://soha.vn/chuyen-nhuong-v-league-moi-nhat-clb-tphcm-chia-tay-13-cau-thu-198240720144209955.htm
2024-07-20 14:15:00,"Matt Dawson, tuyển thủ khúc côn cầu của ĐT Australia, đã thể hiện khát khao tham gia Thế vận hội Paris bằng cách chặt đứt một phần ngón tay để kịp giờ lên đường dự giải.",https://soha.vn/cau-thu-chat-dut-ngon-tay-de-kip-gio-ra-tran-tai-olympic-paris-2024-198240720140030277.htm
2024-07-20 11:59:00,Nguyễn Thị Thật (xe đạp) và Lê Đức Phát (cầu lông) sẽ cầm cờ cho Đoàn thể thao Việt Nam tại Lễ khai mạc Olympic Paris 2024. Đoàn thể thao Việt Nam gồm 39 thành viên sẽ tham gia tranh tài từ ngày 26/7.,https://soha.vn/ai-cam-co-doan-the-thao-viet-nam-tai-olympic-paris-2024-19824072011210892.htm
2024-07-19 10:41:00,Trận “hòa như thua” khiến U19 Việt Nam có nhiều nguy cơ phải dừng bước tại giải Đông Nam Á ngay sau vòng bảng.,https://soha.vn/xep-duoi-ca-timor-leste-tuyen-viet-nam-lay-gi-de-lach-qua-khe-cua-hep-198240719104125306.htm
2024-07-19 14:52:00,CLB Svay Rieng - đại diện của bóng đá Campuchia - đã giành thắng lợi ở trận ra quân ASEAN Club Championship (Cúp các CLB Đông Nam Á) 2024/25.,https://soha.vn/nguoc-dong-khong-tuong-doi-bong-campuchia-lam-nen-lich-su-tai-giai-dong-nam-a-198240719145303556.htm
2024-07-19 16:57:00,Cơ hội đi tiếp dành cho U19 Việt Nam tại giải U19 Đông Nam Á 2024 đang bị thu hẹp lại đáng kể.,https://soha.vn/dai-thang-11-0-malaysia-day-tuyen-viet-nam-vao-the-kho-tai-giai-dong-nam-a-198240719164320644.htm
2024-07-20 08:00:00,Thủ môn Bùi Tiến Dũng chính thức ký hợp đồng 2 năm với CLB TP.HCM. Anh đưa vợ mẫu tây Dianka và con trai Danil đến tham dự. Dianka gây sốt với ngoại hình sexy và đôi chân dài nuột nà. Hợp đồng trị giá bạc tỉ giúp Tiến Dũng gần gũi gia đình hơn.,https://soha.vn/gap-doi-visual-bui-tien-dung-banh-bao-cung-vo-mau-tay-di-ky-hop-dong-bac-ti-nang-wag-khoe-tron-doi-chan-dai-nuot-na-198240720010248295.htm
2024-07-20 11:30:00,"Real Madrid xác nhận gia hạn hợp đồng với Vazquez đến năm 2025. Đây là phần thưởng xứng đáng cho cầu thủ người Tây Ban Nha, người đã góp phần không nhỏ vào thành công của đội bóng.",https://soha.vn/real-madrid-gia-han-hop-dong-voi-cong-than-cua-san-bernabeu-198240720102732082.htm
2024-07-20 11:00:00,Cập nhật bảng xếp hạng FIFA tháng 7/2024: Argentina tiếp tục dẫn đầu sau chức vô địch Copa America. Tây Ban Nha và Anh cũng có bước tiến đáng kể sau EURO 2024. Xem chi tiết thứ hạng của các đội tuyển quốc gia mạnh nhất thế giới.,https://soha.vn/bang-xep-hang-10-dtqg-manh-nhat-the-gioi-2024-argentina-xep-so-1-198240720101908093.htm
2024-07-20 18:55:00,"Trong diễn tiến mới nhất, cờ Nga đã được kéo lên ở Ivano-Daryevka. Các đợt tấn công của Nga trên toàn chiến tuyến dài 1.200km ở Ukraine đang tăng vọt.",https://soha.vn/50-van-quan-nga-tan-cong-30-van-quan-nua-sap-duoc-bom-them-bao-lua-trut-toan-tuyen-ukraine-that-thu-198240719164446379.htm
2024-07-20 20:35:00,"Chiều 20/7/2024, tại Đại sứ quán Việt Nam ở Bắc Kinh, Tổng Bí thư, Chủ tịch Trung Quốc Tập Cận Bình đến viếng Tổng Bí thư Nguyễn Phú Trọng.",https://soha.vn/tong-bi-thu-chu-tich-trung-quoc-tap-can-binh-vieng-tong-bi-thu-nguyen-phu-trong-198240720201154877.htm
2024-07-20 12:00:00,Cựu Tổng thống Mỹ Donald Trump đã có cuộc điện đàm với Tổng thống Ukraine Volodymyr Zelensky hôm 19/7.,https://soha.vn/tiet-lo-noi-dung-cuoc-dien-dam-voi-ong-zelensky-ong-trump-noi-se-cham-dut-cuoc-chien-nga-ukraine-19824072011040529.htm
2024-07-20 11:00:00,Vụ việc 6 ngưởi Việt thiệt mạng ở khách sạn Thái Lan vẫn đang được điều tra.,https://soha.vn/tinh-tiet-moi-vu-tham-an-6-nguoi-viet-o-bangkok-phat-hien-xyanua-trong-do-an-vali-nan-nhan-chua-vat-la-198240720093414114.htm
2024-07-20 14:11:00,"Ngày 19/7, Chủ tịch Cuba Miguel Díaz-Canel tuyên bố quốc tang tưởng niệm Tổng Bí thư Đảng Cộng sản Việt Nam Nguyễn Phú Trọng.",https://soha.vn/cuba-tuyen-bo-quoc-tang-tuong-niem-tong-bi-thu-nguyen-phu-trong-198240720141123447.htm
2024-07-20 07:02:00,Hàng nghìn vũ khí nguy hiểm nhất của Ukraine được chế tạo trên 3 tầng cao nhất của một khu dân cư cao tầng ở Kiev.,https://soha.vn/ben-trong-co-so-san-xuat-vu-khi-re-tien-nhung-ha-vu-khi-9-trieu-usd-cua-nga-cuu-tien-tuyen-ukraine-198240720012636075.htm
2024-07-19 23:03:00,"Là một chuyên gia có nhiều năm nghiên cứu về Việt Nam, giáo sư Thành Hán Bình, Giám đốc Trung tâm Nghiên cứu Việt Nam của Đại học Công nghiệp Chiết Giang, Trung Quốc đã bày tỏ niềm tiếc thương vô hạn khi biết tin Tổng Bí thư Nguyễn Phú Trọng từ trần. Với ông, Tổng Bí thư Nguyễn Phú Trọng là vị lãnh đạo rất có uy tín cả ở Việt Nam và Trung Quốc.",https://soha.vn/chuyen-gia-trung-quoc-tong-bi-thu-nguyen-phu-trong-la-vi-lanh-dao-uy-tin-liem-khiet-198240719230335299.htm
2024-07-19 19:18:00,"Nga trình dự luật trang bị vũ khí cho lãnh đạo Ngân hàng Trung ương, bao gồm súng lục và súng tiểu liên. Thống đốc Elvira Nabiullina không có tên trong danh sách. Lý do chưa rõ ràng, nhưng có thể bà không làm việc ở khu vực rủi ro cao.",https://soha.vn/nga-trang-bi-sung-cho-cac-quan-chuc-ngan-hang-trung-uong-danh-sach-thieu-ten-mot-nhan-vat-cot-can-198240719162040495.htm
2024-07-20 20:13:00,"Sau khi được tin Tổng Bí thư Đảng Cộng sản Việt Nam Nguyễn Phú Trọng qua đời, các cơ quan truyền thông, tờ báo lớn của Indonesia đã đồng loạt đưa tin buồn, đánh giá cao công lao của Tổng Bí thư đối với công cuộc xây dựng, phát triển đất nước Việt Nam cũng như củng cố các mối quan hệ ngoại giao.",https://soha.vn/bao-chi-indonesia-danh-gia-cao-cong-lao-cua-tong-bi-thu-nguyen-phu-trong-198240720200342221.htm
2024-07-20 19:51:00,"Mưa lớn và lũ quét những ngày qua đã làm một cây cầu đường bộ ở tỉnh Thiểm Tây, miền Trung Trung Quốc bị sập, khiến 11 người thiệt mạng. Hiện vẫn còn hơn 30 người mất tích.",https://soha.vn/mua-lon-lu-quet-khien-hon-40-nguoi-chet-va-mat-tich-o-trung-quoc-198240720195157236.htm
2024-07-20 18:13:00,"Bạn bè quốc tế tiếp tục dành những tình cảm tốt đẹp và đánh giá cao những chính sách của Đảng Cộng sản Việt Nam dưới sự lãnh đạo của Tổng Bí thư Nguyễn Phú Trọng, đã mang lại những thành tựu to lớn cho công cuộc phát triển và hội nhập quốc tế của Việt Nam.",https://soha.vn/du-luan-quoc-te-tong-bi-thu-nguyen-phu-trong-la-nhan-vat-lich-su-cua-viet-nam-198240720181336277.htm
2024-07-20 17:00:00,"Chủ tịch Tập Cận Bình kêu gọi triển khai chiến dịch cứu hộ toàn diện sau vụ sập cầu đường cao tốc khiến 11 người thiệt mạng, Tân Hoa Xã đưa tin ngày 20-7.",https://soha.vn/trung-quoc-sap-cau-khien-11-nguoi-chet-ong-tap-can-binh-chi-dao-khan-198240720163200421.htm
2024-07-20 16:28:00,"Bộ Tổng tham mưu Các lực lượng vũ trang Ukraine ngày 20/7 cho biết, quân đội Nga đã mất một máy bay, một bệ phóng loạt và bảy xe tăng trong 24 giờ qua.",https://soha.vn/xung-dot-nga-ukraine-ngay-20-7-ukraine-noi-quan-doi-nga-mat-7-xe-tang-trong-mot-ngay-198240720162809087.htm
2024-07-20 15:46:00,Tướng về hưu người Anh Richard Shirreff lo ngại việc Lực lượng vũ trang Nga “rõ ràng đang bí mật lên một kế hoạch lớn” chống lại Quân đội Ukraine.,https://soha.vn/nga-dang-chuan-bi-don-danh-khong-luong-truoc-duoc-198240720150011977.htm
2024-07-20 15:16:00,Tổng thống Ukraine Volodymyr Zelenskiy ngày 19-7 cho biết Ba Lan đã đưa ra quyết định đẩy nhanh việc bàn giao các máy bay F-16 cho Ukraine.,https://soha.vn/diem-nong-xung-dot-ngay-20-7-ba-lan-hy-lap-tiep-suc-f-16-cho-ukraine-198240720140624753.htm
2024-07-20 14:47:00,"Đại sứ Trung Quốc tại Việt Nam nhận định Tổng Bí thư Nguyễn Phú Trọng là nhà lãnh đạo kiệt xuất, đóng vai trò quan trọng trong việc nâng tầm quan hệ Việt - Trung.",https://soha.vn/dai-su-hung-ba-tong-bi-thu-nguyen-phu-trong-la-nha-lanh-dao-kiet-xuat-198240720133508449.htm
2024-07-20 14:21:00,"Cố vấn An ninh Quốc gia Mỹ Jake Sullivan cho biết, Ukraine hiện không được phép sử dụng vũ khí do Mỹ cung cấp để tấn công tầm xa vào lãnh thổ Nga nhưng điều này có thể thay đổi trong tương lai.",https://soha.vn/my-de-ngo-kha-nang-cho-phep-ukraine-tan-cong-tam-xa-vao-nga-198240720132353331.htm
2024-07-20 13:47:00,"Sau khi biết tin Tổng Bí thư Đảng Cộng sản Việt Nam Nguyễn Phú Trọng qua đời ở tuổi 80, không chỉ cả dân tộc Việt Nam tiếc thương về sự ra đi của Người, mà cả dư luận Nhật Bản cũng bàng hoàng về sự mất mát lớn lao này.",https://soha.vn/du-luan-nhat-ban-bay-to-tiec-thuong-tong-bi-thu-nguyen-phu-trong-198240720131904438.htm
2024-07-20 13:17:00,"Ngày 19/7, các hãng thông tấn lớn của châu Âu như Le Monde,  Le Figaro, The Guardian, Reuters,  RFI… đều đưa thông tin Tổng Bí thư Đảng Cộng sản Việt Nam Nguyễn Phú Trọng từ trần và điểm lại những dấu ấn ngoại giao của Tổng Bí thư.",https://soha.vn/bao-chi-chau-au-nhan-manh-vai-tro-dau-an-cua-tong-bi-thu-nguyen-phu-trong-198240720131744266.htm
2024-07-20 10:30:00,"Ngày 19/7, Tổng thống Mỹ Joe Biden tuyên bố sẽ tiếp tục chiến dịch tranh cử, ngay cả khi nhiều nghị sĩ Dân chủ kêu gọi ông nên từ bỏ, hãng Reuters đưa tin.",https://soha.vn/the-gioi-24h-tong-thong-my-joe-biden-kien-dinh-voi-duong-dua-tranh-cu-198240720080640023.htm
2024-07-20 10:00:00,"Đại sứ quán nhiều nước tại Việt Nam bày tỏ lời chia buồn sâu sắc đến Đảng, Nhà nước và Nhân dân Việt Nam khi Tổng Bí thư Nguyễn Phú Trọng từ trần.",https://soha.vn/dai-su-quan-nhieu-nuoc-tiec-thuong-su-ra-di-cua-tong-bi-thu-nguyen-phu-trong-198240720075808599.htm
2024-07-20 09:30:00,"Ngày 19/7, hầu hết các báo lớn của Nga đều đưa tin: Tổng thống Nga Vladimir Putin đã gửi thư chia buồn khi nhận được tin Tổng Bí thư Nguyễn Phú Trọng từ trần.",https://soha.vn/tong-bi-thu-nguyen-phu-trong-la-mot-nguoi-ban-thuc-su-cua-nuoc-nga-198240720075602979.htm
2024-07-20 09:00:00,"Báo Mỹ Washington Post và giới chuyên gia ở Singapore vừa có các bài viết điểm lại một số dấu ấn và di sản của Tổng Bí thư Nguyễn Phú Trọng, nhà lãnh đạo Việt Nam trong thời kỳ đất nước chuyển đổi mạnh mẽ.",https://soha.vn/bao-nuoc-ngoai-viet-ve-di-san-cua-tong-bi-thu-nguyen-phu-trong-198240720073847486.htm
2024-07-20 08:30:00,"Ngày 19/7, Bộ trưởng Quốc phòng Israel Yoav Gallant tuyên bố sẽ “trả thù” sau khi một dân thường thiệt mạng trong cuộc tấn công bằng thiết bị bay không người lái (UAV) vào trung tâm thành phố Tel Aviv do Houthi thực hiện.",https://soha.vn/israel-quyet-tra-thu-cuoc-tan-cong-bang-uav-cua-houthi-vao-trung-tam-thanh-pho-tel-aviv-198240720061753734.htm
2024-07-20 08:19:00,"Trường phái đối ngoại, ngoại giao “cây tre Việt Nam” ngày càng được quốc tế thừa nhận rộng rãi, thu hút chú ý từ khi ra mắt cuốn sách Xây dựng và phát triển nền đối ngoại, ngoại giao Việt Nam toàn diện, hiện đại, mang đậm bản sắc cây tre Việt Nam của Tổng Bí thư Nguyễn Phú Trọng.",https://soha.vn/dau-an-ngoai-giao-cay-tre-198240720075027213.htm
2024-07-20 08:00:00,Ông Trump đã chấp nhận đề cử của đảng Cộng hòa và có bài phát biểu trước công chúng đầu tiên sau vụ ám sát hụt cuối tuần trước.,https://soha.vn/ong-trump-muon-tao-vom-sat-cho-nuoc-my-198240720061620983.htm
2024-07-20 07:47:00,"Được tin đồng chí Nguyễn Phú Trọng, Tổng Bí thư Ban Chấp hành Trung ương Đảng Cộng sản Việt Nam từ trần, nhiều quốc gia và các nhà lãnh đạo trên thế giới đã gửi điện, thư chia buồn.",https://soha.vn/dien-thu-chia-buon-tong-bi-thu-nguyen-phu-trong-tu-tran-198240720074726067.htm
2024-07-20 07:29:00,"Càng ngày, Tổng thống Joe Biden càng thể hiện ông không thể không dừng cuộc chạy đua vào Nhà Trắng sắp tới.",https://soha.vn/ong-biden-o-vao-the-khong-the-khong-dung-buoc-198240720061502604.htm
2024-07-20 07:25:00,VinFast VF 8 phiên bản giới hạn Hỏa Long Độc Bản đang được trưng bày tại Hà Nội.,https://soha.vn/lo-dien-vinfast-vf-8-lux-hoa-long-doc-ban-chua-den-1000-nguoi-co-duoc-ma-vang-nhieu-chi-tiet-198240719173230429.htm
2024-07-19 22:04:00,Xe ga 125cc sở hữu hệ thống phanh ABS 2 kênh đẳng cấp hơn cả Air Blade.,https://soha.vn/ban-sao-huyen-thoai-honda-julio-cuc-ca-tinh-xin-xo-hon-air-blade-abs-2-kenh-gia-chi-30-trieu-dong-198240715113158894.htm
2024-07-19 23:25:00,Nền kinh tế Thái Lan đang gặp nhiều thử thách giữa lúc nền công nghiệp nước này vấp phải cạnh tranh lớn từ đối thủ Trung Quốc.,https://soha.vn/dung-voi-mung-khi-byd-mo-nha-may-noi-dau-ma-nguoi-thai-dang-hung-chiu-cho-thay-suc-tan-pha-tu-con-lu-o-to-gia-re-trung-quoc-198240719154710484.htm
2024-07-19 09:14:00,Phiên bản thử nghiệm của Kia Sportage mới vừa xuất hiện tại châu Âu.,https://soha.vn/kia-sportage-2025-moi-xuat-hien-tren-duong-de-lo-thiet-ke-can-sau-va-den-hau-moi-de-ra-mat-cuoi-nam-nay-dau-cx-5-198240719090331596.htm
2024-07-19 19:50:00,"Trong tương lai gần, Nga sẽ sản xuất các phụ tùng thay thế cho máy bay Boeing và Airbus, bất chấp việc không được cấp chứng chỉ an toàn.",https://soha.vn/rosatom-bat-dau-tu-san-xuat-linh-kien-cho-may-bay-boeing-va-airbus-198240719143705074.htm
2024-07-19 10:35:00,"Theo Phó Giáo sư Wasana Wongsurawat, việc khách hàng châu Âu không mua xe Trung Quốc, trong khi Hoa Kỳ mạnh tay áp thuế với xe điện của nước này khiến sản lượng của BYD bị dồn ứ, từ đó dẫn đến tình trạng phải giảm giá để dọn kho và tiêu thụ ở các nước “dễ tính” hơn.",https://soha.vn/chuyen-gia-quoc-te-ven-man-ly-do-byd-giam-gia-xe-vo-toi-va-198240719091454101.htm
2024-07-19 12:15:00,"Không thể tính chung chung mỗi lít xăng đi được bao nhiêu mm, bởi mỗi loại động cơ, đời xe máy khác nhau có lượng tiêu thụ nhiên liệu khác nhau.",https://soha.vn/xe-may-do-1-lit-xang-di-duoc-bao-nhieu-km-198240719092817481.htm
2024-07-17 18:25:00,"Từ 1/1/2025, bằng lái xe máy hạng A1 chỉ được điều khiển xe có dung tích tới 125cc, vậy có cần thi GPLX phân khối lớn để điều khiển xe có dung tích 150cc?",https://soha.vn/gplx-hang-a1-chi-duoc-dieu-khien-xe-125cc-co-can-thi-bang-phan-khoi-lon-de-chay-winner-exciter-sh-198240717154657503.htm
2024-07-21 00:36:00,Mẫu xe ga này sở hữu thiết cũng như trang bị không kém cạnh Honda SH Mode.,https://soha.vn/tan-binh-xe-ga-125cc-cua-honda-duoc-ban-giao-gia-cuc-re-tu-32-trieu-dong-uong-188-lit-xang-100km-198240720121955621.htm
2024-07-20 22:04:00,"Không phải tháng Ngâu, đây mới là thời điểm có nhiều đợt giảm giá và ưu đãi nhất năm.",https://soha.vn/mua-o-to-thoi-diem-nao-duoc-gia-va-de-mac-ca-nhat-198240515221834328.htm
2024-07-20 21:43:00,Nhiều người mới sử dụng ô tô điện có thể phải trả giá đắt nếu không hiểu rõ nguyên tắc tiêu thụ năng lượng của xe điện khi mang xe đi leo dốc núi.,https://soha.vn/neu-khong-biet-dieu-nay-o-to-dien-cua-ban-co-the-phai-goi-cuu-ho-khi-leo-doc-198240720115827642.htm
2024-07-20 20:14:00,"Nguyên Chủ tịch Hiệp hội Vận tải ô tô Việt Nam Nguyễn Văn Thanh cho rằng, việc duy trì đếm ngược đèn tín hiệu giao thông là văn minh cần thiết, vì nó minh thị rõ ràng cho người đi đường, giới tài xế biết để chủ động điều chỉnh tốc độ lái xe, dừng xe…",https://soha.vn/chuyen-gia-khong-nen-bo-dem-nguoc-so-giay-den-xanh-do-198240720120008736.htm
2024-07-20 17:12:00,"Hãng xe điện BYD của Trung Quốc đang đối mặt với làn sóng phản đối lớn do liên tục giảm giá xe mới, khiến xe đã mua của khách hàng bị mất giá trầm trọng.",https://soha.vn/khach-hang-cua-byd-buc-xuc-vi-xe-dien-cu-nhanh-mat-gia-198240720120752458.htm
2024-07-20 16:22:00,"Xuất hiện lần đầu ở dạng concept tại Triển lãm EICMA năm 2022. Sau hai năm chờ đợi, cuối cùng những tín đồ tốc độ cũng được chiêm ngưỡng phiên bản sản xuất của chiếc siêu mô tô MV Agusta Superveloce 1000 Serie Oro.",https://soha.vn/mv-agusta-superveloce-1000-serie-oro-ra-mat-voi-so-luong-gioi-han-chi-500-chiec-198240720113804962.htm
2024-07-20 15:13:00,SU7 Ultra sẽ được Xiaomi đưa tới trường đua Nürburgring trong những tháng tới.,https://soha.vn/xiaomi-cong-bo-sieu-xe-dien-su7-ultra-1548-ma-luc-chi-mat-197-giay-de-tang-toc-len-100km-h-van-toc-toi-da-350km-h-198240720112549823.htm
2024-07-20 14:16:00,Những chiếc xe ô tô điện VF e34 đầu tiên đã được bàn giao cho khách hàng ngay tại gian hàng của VinFast trong khuôn khổ triển lãm GIIAS 2024.,https://soha.vn/vinfast-chinh-thuc-ban-giao-lo-suv-dien-vf-e34-dau-tien-tai-indonesia-198240720111716515.htm
2024-07-20 13:10:00,Hyundai vừa cập nhật nhẹ phiên bản quốc tế của Tucson với một số nâng cấp và giá xe tăng tương ứng.,https://soha.vn/hyundai-tucson-2025-ban-quoc-te-chinh-thuc-cong-bo-trang-bi-va-gia-ban-nang-cap-nhe-man-hinh-xin-ve-viet-nam-kho-tranh-khoi-tang-gia-198240720111541288.htm
2024-07-20 12:37:00,"Sau hơn 4 ngày đăng tải video, chiếc xe mô hình của anh Trương Văn Đạo đã thu hút hơn 500 nghìn lượt xem trên kênh YouTube.",https://soha.vn/ong-bo-viet-lam-mo-hinh-go-mo-phong-bugatti-bay-lay-y-tuong-tu-youtuber-so-1-the-gioi-co-chi-tiet-giong-phim-vien-tuong-198240720111216608.htm
2024-07-20 12:11:00,"Góp ý cho dự thảo quy định mức thu lệ phí trước bạ đố với ô tô sản xuất, lắp ráp trong nước, nhiều Bộ ngành lo ngại việc giảm 50% sẽ vi phạm cam kết quốc tế.",https://soha.vn/vi-sao-nhieu-bo-e-ngai-voi-de-xuat-giam-phi-truoc-ba-cho-o-to-trong-nuoc-198240720110757383.htm
2024-07-20 11:43:00,"Sự cố kỹ thuật tại CrowdStrike và Microsoft đã gây ra hiệu ứng domino trên diện rộng, khiến nhiều hãng hàng không Mỹ phải hoãn chuyến, gây gián đoạn hoạt động của các sân bay và hãng hàng không trên toàn cầu.",https://soha.vn/bat-ngo-kiem-soat-khong-luu-my-yeu-cau-tat-ca-may-bay-ha-canh-198240720111000811.htm
2024-07-20 11:10:00,"Nhiều chiếc Toyota Crown tại Việt Nam được chủ nhân gắn lên những biển số đẹp, từ ngũ quý, tứ quý, phát lộc đến tam hoa, sảnh tiến.",https://soha.vn/loat-xe-toyota-crown-bien-dep-co-du-ngu-quy-dau-gia-hon-15-ty-dong-den-tu-quy-tam-hoa-sanh-tien-198240720110313433.htm
2024-07-19 21:43:00,"Lách ô tô qua khe hẹp đối với lái xe, nhất là những người mới lái là điều hết sức khó khăn, dưới đây là những kinh nghiệm giúp việc này trở nên dễ dàng hơn.",https://soha.vn/kinh-nghiem-lach-o-to-qua-khe-hep-198240719093653219.htm
2024-07-19 21:12:00,Porsche Macan vừa nhận được bản cập nhật 2025 với một số sự bổ sung và nâng cấp đáng chú ý.,https://soha.vn/porsche-macan-2025-ra-mat-ban-base-da-manh-355-ma-luc-them-goi-off-road-co-danh-lai-banh-sau-nhu-mercedes-198240719155152124.htm
2024-07-19 20:50:00,"Bên canh 3 mẫu xe quen thuộc Vios, Veloz Cross và Avanza Premio, Toyota VIệt Nam tung ra ưu đãi thêm cho Yaris Cross trong tháng 7/2024.",https://soha.vn/bang-gia-xe-o-to-toyota-thang-7-2024-bo-sung-uu-dai-danh-cho-yaris-cross-198240719144822476.htm
2024-07-19 20:14:00,"Người điều khiển không gặp bất cứ vấn đề gì khi xe điện đang chạy ấn về số P, vì xe điện không có hộp số tự động đa cấp.",https://soha.vn/dang-chay-an-ve-p-o-to-dien-se-the-nao-198240719143859417.htm
2024-07-19 17:19:00,Triển lãm GIIAS 2024 đang diễn ra tại Indonesia có sự tham gia của khá nhiều dòng xe đang gây tiếng vang trong khu vực trong đó bao gồm Omoda 5 GT.,https://soha.vn/omoda-c5-tai-viet-nam-ma-them-ban-nay-se-co-nguoi-thich-mam-rally-tem-nhu-xe-dua-co-ca-cho-treo-xe-dap-198240719141952722.htm
2024-07-19 16:12:00,"BMW R 1300 GS Adventure (GSA) 2025 sẽ có 3 biến thể: Basic, Triple Black, GS Trophy và Option 719 Karakoru... Và đi cùng động cơ boxer-twin 1.300 cc hoàn toàn mới cho công suất 145 mã lực và mô-men xoắn 149 Nm.",https://soha.vn/chiem-nguong-bmw-r-1300-gs-adventure-2025-198240719105007247.htm
2024-07-19 15:12:00,Một số đại lý khu vực Hà Nội cho biết Hyundai Tucson bản nâng cấp giữa vòng đời sắp ra mắt với những thay đổi nhẹ.,https://soha.vn/dai-ly-bao-hyundai-tucson-2024-ve-viet-nam-thang-11-co-man-hinh-cong-moi-dau-cx-5-sportage-198240719140909024.htm
2024-07-16 07:20:00,Khu dự trữ sinh quyển Cần Giờ: Kho báu thiên nhiên gần TP.HCM với diện tích 75.000ha,https://soha.vn/kham-pha-bi-mat-ben-trong-kho-bau-xanh-hiem-co-dau-tien-o-viet-nam-duoc-the-gioi-cong-nhan-198240715161540577.htm
2024-07-13 07:30:00,"Những chuyên án được triệt phá trên các tuyến biên giới chứng minh một thực tế ""lò"" luyện võ của Học viện Biên phòng đã bước đầu mang lại hiệu quả.",https://soha.vn/xem-bo-doi-bien-phong-tay-khong-ha-guc-3-nguoi-co-dao-kiem-198240712160708253.htm
2024-07-07 08:28:00,"Tỉnh có siêu sân bay 16 tỷ USD, đô thị sinh thái đẳng cấp quốc tế đến năm 2050.",https://soha.vn/tinh-co-sieu-san-bay-16-ty-usd-thuy-phi-co-tren-song-bien-hinh-voi-do-thi-sinh-thai-dang-cap-quoc-te-198240704171124812.htm
2024-07-04 07:22:00,"Sau 1 năm khởi công, dự án Vành đai 4 Vùng thủ đô đoạn qua Hà Nội, hình hài của một tuyến đường lớn đã lộ diện.",https://soha.vn/hinh-hai-bat-ngo-o-sieu-du-an-hang-chuc-nghin-ty-di-qua-7-quan-huyen-o-ha-noi-sau-1-nam-thi-cong-198240702173903024.htm
2024-07-03 07:21:00,"Đến năm 2050, tỉnh Lâm Đồng phấn đấu đạt các tiêu chuẩn để trở thành thành phố trực thuộc trung ương hiện đại, có bản sắc, xanh, thông minh và đáng sống.",https://soha.vn/hinh-anh-kho-tin-ve-tuong-lai-o-tinh-thien-duong-xanh-dang-cap-quoc-te-vua-don-125000-ty-dong-dau-tu-198240628155449865.htm
2024-06-27 07:21:00,"Khám phá Đại lộ Thăng Long, tuyến đường xanh mát giữa lòng Hà Nội, hiện đại như châu Âu và là niềm tự hào của người dân Việt.",https://soha.vn/ngam-canh-rung-xanh-bat-ngan-tren-dai-lo-7500-ty-dong-rong-toi-16-lan-xe-dai-va-dep-bac-nhat-viet-nam-198240624161303169.htm
2024-06-25 13:20:00,Cao tốc Diễn Châu - Bãi Vọt trị giá 11.000 tỷ sẽ giảm thời gian di chuyển từ Hà Nội đến Nghệ An và Hà Tĩnh.,https://soha.vn/tuyen-cao-toc-50km-tri-gia-11150-ty-dong-ket-noi-thu-do-voi-tinh-rong-nhat-viet-nam-hoi-ha-ve-dich-198240624113850319.htm
2024-06-24 13:21:00,"Cầu Hưng Đức, công trình trọng điểm của cao tốc Bắc - Nam Việt Nam, sẵn sàng thông xe, đánh dấu bước tiến mới.",https://soha.vn/soi-cong-trinh-dac-biet-dai-nhat-tren-tuyen-cao-toc-146990-ty-dong-o-viet-nam-truoc-ngay-don-tin-vui-19824062316141616.htm
2024-06-24 07:29:00,"Thị xã Phú Mỹ định hướng trở thành thành phố cảng biển, nâng tầm phát triển kinh tế với hạ tầng hiện đại và tiềm năng lớn.",https://soha.vn/tram-tro-ve-thi-xa-thu-ngan-sach-gan-bang-11-tinh-cong-lai-hoa-rong-nho-cang-bien-lot-top-7-the-gioi-198240622103329362.htm
2024-06-23 07:20:00,"Dự án đường dây 500 kV từ Quảng Trạch đến Phố Nối hoàn thành kỷ lục trong 6 tháng, thắp sáng hy vọng cho ngành điện Việt Nam.",https://soha.vn/ky-tich-trong-lich-su-nganh-dien-o-du-an-22356-ty-dong-cong-trinh-dai-519-km-hoan-thanh-trong-6-thang-198240622232313068.htm
2024-06-22 13:38:00,"Cung thiếu nhi Hà Nội xây dựng tại CV1, Cầu Giấy, sắp hoạt động.",https://soha.vn/soi-can-canh-thien-duong-vui-choi-1300-ty-dong-cho-tre-em-o-ha-noi-hien-dai-rong-bac-nhat-viet-nam-198240619103211917.htm
2024-01-28 07:00:00,"Với nguồn năng lượng tích cực cùng cống hiến và nghị lực phi thường mang đến cho xã hội, 5 Đại sứ truyền cảm hứng đã được WeChoice Awards 2023 lựa chọn và vinh danh trong đêm gala ngày 27/1.",https://soha.vn/5-dai-su-truyen-cam-hung-cua-wechoice-awards-2023-ho-la-ai-198240128065214355.htm
2023-12-06 15:07:00,"Đằng sau những giọt nước mắt, là những nụ cười hạnh phúc - nguồn lãi lớn nhất của quán Nụ Cười Shinbi - cơm 2k.",https://soha.vn/bua-com-2000-dong-cho-benh-nhan-ung-thu-lai-lon-tu-nhung-nu-cuoi-20231206110216503.htm
2023-12-05 15:35:00,"Sau 5 năm, Giải chạy BIDV Run với hình thức quy đổi đóng góp từ thành tích chạy của vận động viên đã thu hút gần 300 nghìn lượt tham gia, gần 16 triệu km đường chạy đã đổi được 60 tỷ đồng.",https://soha.vn/hang-trieu-km-duong-chay-marathon-bien-thanh-60-ty-cho-cong-dong-khi-tung-buoc-chay-lam-nen-dieu-ky-dieu-20231205153532398.htm
2023-11-30 20:34:00,Những chiếc bếp gas tưởng chừng giản đơn nhưng lại có ý nghĩa vô cùng lớn với các thầy cô giáo và cả những bạn nhỏ vùng cao...,https://soha.vn/cong-bep-gas-len-ban-xa-tang-thay-co-giao-vua-nuoi-em-vua-lam-tro-thu-cho-thay-co-giao-20231123103649825.htm
2023-11-30 20:15:00,"Những chiếc lá tra (hay còn gọi là lá nho biển) từ “thân phận” phế phẩm chẳng ai dùng tới bỗng trở nên có giá trị, nhờ sáng kiến vì môi trường của chị Hà.",https://soha.vn/chu-homestay-di-gom-la-nho-bien-gia-200-dong-lam-thanh-thu-dat-gap-may-lan-van-lo-vi-hai-chu-hy-vong-20231123143358574.htm
2023-11-30 15:58:00,"Lúa nếp tan là đặc sản và tinh hoa của miền núi nhưng trước đây với cách trồng truyền thống không hiệu quả nên sản lượng có hạn và giá trị không cao. Sau 2 năm áp dụng mô hình kỹ thuật lúa nếp tan theo phương thức canh tác cải tiến (SRI) tại bản Hợp 1, xã Bản Lang, huyện Phong Thổ, tỉnh Lai Châu, nằm trong dự án Làng Nông nghiệp thích ứng với Biến đổi khí hậu đã thành công, hiệu quả đạt OCOP và nhân rộng ra nhiều tỉnh.",https://soha.vn/nguoi-truyen-cam-hung-lam-nong-nghiep-ung-pho-bien-doi-khi-hau-o-xa-ban-vung-cao-dua-cay-lua-dia-phuong-thanh-dac-san-3-sao-nuc-tieng-20231130144541103.htm
2023-11-30 15:11:33,"Dự án ""1.000 nhà vệ sinh trường học"" được triển khai đã góp phần cải thiện điều kiện vệ sinh, mang đến cho các em môi trường học tập tốt hơn.",https://soha.vn/hien-thuc-hoa-uoc-mong-cua-hang-tram-ngan-hoc-sinh-viet-nam-de-nha-ve-sinh-thuc-su-ve-sinh-20231130145102587.htm
2023-11-29 17:10:00,Nhiều bạn trẻ thích thú tham gia Workshop tái chế vải vụn cùng người khuyết tật trong khuôn khổ Triển lãm Hành động vì Cộng đồng - Human Art Prize 2023.,https://soha.vn/ngam-nhung-buc-tranh-vai-doc-dao-duoc-lam-tu-nguyen-lieu-khong-ai-ngo-20231129165628632.htm
2023-11-28 09:14:00,"Trung bình 10 tháng đầu năm 2023, mỗi ngày có 18 người tham gia giao thông và không thể trở về nhà - theo số liệu từ Ủy ban An toàn Giao thông quốc gia.",https://soha.vn/hang-xe-huyen-thoai-my-va-bo-giao-an-doc-nhat-chi-danh-cho-nguoi-viet-15-nam-huong-dan-lai-xe-an-toan-20231125103431391.htm
2023-11-17 07:00:00,"Trước đây, mỗi tháng chị Mỹ Xuân có thể thu 30 triệu từ tiền bán trái dừa trong vườn. Nhưng để có chỗ cho đàn cò thiên nhiên trú ngụ, chị đã ""nhường"" vườn dừa cho chúng.",https://soha.vn/chiu-that-thu-30-trieu-thang-nhuong-3-cong-dat-cho-co-o-cap-vo-chong-duoc-dan-co-bao-dap-sau-10-nam-20231116145418105.htm
2023-11-16 09:22:00,"""Chúng tôi ý thức rất rõ rằng Quỹ không có nhiều tiền, nên làm việc gì chúng tôi cũng tính toán sao cho đạt nhiều hiệu quả nhất, chọn làm những công trình có nhiều chức năng và giúp đỡ được nhiều người nhất có thể"", ông Phan Diễn chia sẻ.",https://soha.vn/ong-phan-dien-noi-ve-nhiem-vu-nang-ne-nhat-cua-quy-cong-dong-phong-tranh-thien-tai-khong-co-tien-thi-y-tuong-hay-may-cung-chang-de-lam-gi-20231115155151396.htm
2023-11-13 12:21:55,"Sau gần 2 thập kỷ, Faslink đã đạt được những dấu mốc nhất định trong hành trình hướng tới sự “bền vững"".",https://soha.vn/nu-ceo-ban-sach-vang-lao-vao-khu-vuc-o-nhiem-top-2-the-gioi-pha-dop-ha-noi-khong-voi-duoc-dau-2023111310282455.htm
2023-11-07 08:28:00,"Trồng cây với tất cả đam mê, nhiều lần về quê thấy cây mình trồng bị chết mà rớt nước mắt... Đây là chia sẻ cảm động của anh Sùng A Cải, chủ nhiệm dự án “Ước mơ triệu cây xanh”.",https://soha.vn/chang-trai-vua-lam-btv-xoang-o-ha-noi-vua-trong-trieu-cay-xanh-bo-mang-sa-sa-nhin-cay-ma-khoc-20231107013750981.htm
2024-07-20 19:59:00,"Ngày 20/7, Cơ quan CSĐT Công an tỉnh Bắc Ninh khởi tố Giám đốc Sở Tài chính Nguyễn Kim Thoại và 3 bị can khác vì hành vi lợi dụng chức vụ, quyền hạn trong thi hành công vụ tại huyện Gia Bình.",https://soha.vn/ly-do-giam-doc-so-tai-chinh-tinh-bac-ninh-bi-khoi-to-198240720195942064.htm
2024-07-20 07:26:00,"Lê Văn Tiệp, giám đốc công ty vận chuyển Anh Dũng, bị bắt vì giao xe không an toàn dẫn đến tai nạn chết người. Vụ tai nạn thương tâm ở Hoài Đức khiến 4 mẹ con tử vong.",https://soha.vn/vu-tai-nan-o-hoai-duc-khien-4-me-con-tu-vong-bat-giam-doc-cong-ty-xe-tai-ho-vo-198240720072627838.htm
2024-07-20 08:23:00,"Đại sứ quán Việt Nam tại Thái Lan đã hỗ trợ gia đình nạn nhân vụ đầu độc 6 người chết, chuẩn bị đưa thi hài về nước trong ngày 20 - 21/7. Sự việc đang được theo sát và phối hợp với cơ quan chức năng để làm rõ nguyên nhân.",https://soha.vn/vu-dau-doc-6-nguoi-chet-o-thai-lan-chuan-bi-dua-thi-hai-ve-nuoc-198240720082332384.htm
2024-07-19 19:57:00,"Giám đốc Sở Tài chính Bắc Ninh bị khởi tố vì liên quan vụ án “Lợi dụng chức vụ, quyền hạn trong khi thi hành công vụ” xảy ra tại thị trấn Gia Bình.",https://soha.vn/khoi-to-giam-doc-so-tai-chinh-bac-ninh-nguyen-kim-thoai-198240719195228904.htm
2024-07-19 10:53:00,"Sáng nay, hàng chục cảnh sát và đại diện VKS đã có mặt tại nhà bà Nguyễn Thị Như Loan, Tổng giám đốc Quốc Cường Gia Lai. Động thái này liên quan đến sai phạm tại nhiều công ty và dự án lớn ở TP HCM, bao gồm cả vụ án tại khu đất 39-39B Bến Vân Đồn.",https://soha.vn/hang-chuc-canh-sat-co-mat-tai-nha-ba-nguyen-thi-nhu-loan-tgd-cong-ty-quoc-cuong-gia-lai-19824071910360827.htm
2024-07-20 10:48:00,"4 đối tượng giả danh quân đội và công an, mặc quân phục cấp hàm thượng tướng và đại tá vì thích bộ đội , bị phát hiện tại cảng Sa Kỳ. Lực lượng chức năng đang làm rõ động cơ của nhóm này.",https://soha.vn/gia-danh-thuong-tuong-dai-ta-quan-doi-vi-thich-bo-doi-198240720104828459.htm
2024-07-19 16:46:00,"Sau hơn 1 năm kể từ ngày xảy ra vụ việc bé gái 11 tháng tuổi tử vong tại cơ sở giữ trẻ không phép, Công an TP Vũng Tàu đã ra quyết định khởi tố vụ án về tội vô ý làm chết người.",https://soha.vn/khoi-to-vu-be-gai-11-thang-tuoi-tu-vong-tai-diem-trong-tre-khong-phep-198240719162551278.htm
2024-07-20 22:23:00,"Sau khi dùng hung khí gây thương tích cho 2 người dân và một cán bộ xã, người đàn ông ở Thái Bình bỏ trốn vào Bạc Liêu 33 năm thì bị bắt giữ.",https://soha.vn/bat-giu-ke-tron-na-suot-33-nam-toi-chong-nguoi-thi-hanh-cong-vu-198240720222356589.htm
2024-07-20 20:55:00,"Vì mâu thuẫn trong kinh doanh nem, chả, Nguyễn Phúc đâm Vương Đình Hạnh trọng thương. Công an Phú Lộc đã khởi tố Nguyễn Phúc để điều tra vụ việc này.",https://soha.vn/khoi-to-ke-dam-nguoi-trong-thuong-vi-canh-tranh-moi-ban-hang-198240720204437334.htm
2024-07-20 20:21:00,"Làm quen trên mạng, nam thanh niên bị nhóm cướp lừa hẹn đến nơi vắng rồi dàn cảnh đánh và cướp tài sản. Công an huyện Vĩnh Cửu đã bắt giữ các đối tượng và áp dụng biện pháp đeo vòng điện tử quản lý cư trú. Vụ việc đang được điều tra thêm.",https://soha.vn/tin-ban-gai-moi-quen-qua-mang-nam-thanh-nien-sa-bay-nhom-cuop-198240719092129151.htm
2024-07-20 16:15:00,"Sau khi đâm bạn nhậu tử vong ở Bình Phước, Nguyễn Văn Hùng đã đến trụ sở công an đầu thú. Sự việc xảy ra sau mâu thuẫn trong cuộc nhậu. Công an tỉnh Bình Phước đang điều tra vụ án.",https://soha.vn/an-mang-trong-luc-an-nhau-o-binh-phuoc-198240720161601517.htm
2024-07-20 11:03:00,"Ông Nguyễn Kim Thoại, Giám đốc Sở Tài Chính tỉnh Bắc Ninh, bị khởi tố vì lợi dụng chức vụ trong khi thi hành công vụ liên quan đến giao đất trái quy định. Công an tỉnh đã áp dụng biện pháp ngăn chặn cấm đi khỏi nơi cư trú đối với ông Thoại.",https://soha.vn/mot-giam-doc-so-tai-chinh-bi-khoi-to-198240720110323793.htm
2024-07-20 08:59:00,"Một vụ mâu thuẫn bằng dao tại huyện Đơn Dương, Lâm Đồng đã khiến hai người thương vong. Phan Hữu Quang, nghi phạm trong vụ việc, đã ra đầu thú sau khi bỏ trốn khỏi hiện trường. Công an đang tiếp tục điều tra.",https://soha.vn/giai-quyet-mau-thuan-bang-dao-hai-nguoi-thuong-vong-o-lam-dong-198240720082702916.htm
2024-07-20 08:08:00,Công an TP Thủ Đức đã xác định và làm việc với P.V.Q về hành vi đập kính ô tô 7 chỗ. Hiện nguyên nhân vụ việc đang được tiếp tục điều tra.,https://soha.vn/xac-dinh-duoc-thanh-nien-dap-kinh-o-to-7-cho-198240720080853283.htm
2024-07-19 19:31:00,Bà Như Loan từng khẳng định Quốc Cường Gia Lai chưa bao giờ làm việc trực tiếp với các công ty cao su về khu đất 39-39B Bến Vân Đồn. Sự việc này nằm trong quá trình mở rộng điều tra của cơ quan công an.,https://soha.vn/ba-nhu-loan-tung-noi-gi-ve-khu-dat-39-39b-ben-van-don-truoc-khi-bi-tam-giam-198240719193009724.htm
2024-07-19 17:00:00,"Quốc Cường Gia Lai đang đối mặt với nhiều lùm xùm pháp lý tại các dự án lớn như 39-39B Bến Vân Đồn, Phước Kiển 91,6 ha và Phước Kiển 32,4 ha. Dự án nào cũng gây ra tranh cãi và kiện cáo kéo dài.",https://soha.vn/nhung-du-an-vuong-lum-xum-phap-ly-cua-quoc-cuong-gia-lai-198240719163140742.htm
2024-07-19 16:00:00,Hai chiếc xe chở nhiều thùng tài liệu rời khỏi nhà CEO Công ty Quốc Cường Gia Lai ở số 26 Trần Quốc Thảo lúc hơn 15 giờ.,https://soha.vn/clip-bo-cong-an-thu-nhieu-thung-tai-lieu-tai-nha-ceo-quoc-cuong-gia-lai-198240719100823865.htm
2024-07-19 15:14:00,"Nguyễn Thị Minh Phụng và Nguyễn Thị Kim Phượng, chủ mưu vụ buôn lậu 6 tấn vàng từ Campuchia về Việt Nam, nhận tổng cộng 33 năm tù. Vụ án đã làm rung chuyển TP.HCM và Tây Ninh.",https://soha.vn/2-chu-muu-vu-buon-lau-6-tan-vang-tu-campuchia-ve-viet-nam-lanh-tong-33-nam-tu-198240719151323246.htm
2024-07-19 14:49:00,"Sáng 19/7, lực lượng Công an và Viện KSND Tối cao đã khám xét nhà bà Nguyễn Thị Như Loan, CEO Quốc Cường Gia Lai. Cảnh sát chuyển hàng loạt thùng carton từ xe vào nhà. Các xe biển số xanh của Bộ Công an xuất hiện quanh khu vực.",https://soha.vn/kham-xet-nha-ba-nguyen-thi-nhu-loan-ceo-quoc-cuong-gia-lai-198240719144727963.htm
2024-07-19 14:04:00,"Bùi Thị Phương Nga, giám đốc Công ty TNHH du lịch Sen Biển Đảo, tiếp tục bị bắt vì lừa đảo bán Combo - Voucher du lịch giá rẻ trong thời gian chịu án phạt 14 năm tù nhưng được cấm đi khỏi nơi cư trú.",https://soha.vn/nu-giam-doc-cong-ty-tnhh-du-lich-sen-bien-dao-bi-bat-198240719140258431.htm
2024-07-19 14:00:00,"Cơ quan Công an tỉnh An Giang đã bắt tạm giam Lê Văn Hoàng, người bị cáo buộc hiếp dâm bé gái 13 tuổi nhiều lần dẫn đến mang thai. Vụ việc xảy ra khi Hoàng lợi dụng lúc không có người lớn ở nhà để thực hiện hành vi phạm tội.",https://soha.vn/bat-ke-hiep-dam-be-gai-13-tuoi-nhieu-lan-den-mang-thai-198240719135903709.htm
2024-07-19 13:52:00,"Công an huyện Krông Nô đang điều tra vụ cướp tài sản giữa đêm khuya. Một thanh niên đã đột nhập vào nhà, dùng dao khống chế và cướp 14,5 triệu đồng. Nghi phạm Hồ Hữu N. đã bị bắt sau 12 giờ truy bắt. Vụ việc đang tiếp tục được điều tra chi tiết.",https://soha.vn/dang-ngu-nguoi-phu-nu-bi-khong-che-cuop-145-trieu-dong-198240719134549396.htm
2024-07-19 13:32:00,"Đặng Trường Cung ở Phú Yên đã chém hàng xóm trọng thương vì nghi ngờ nhìn lén vợ tắm. Vụ việc xảy ra ngày 12/10/2023 khiến anh N. bị thương tật 33%. Phiên toà xét xử diễn ra ngày 19/7, Cung bị tuyên phạt 4 năm tù.",https://soha.vn/phu-yen-nghi-vo-bi-nhin-len-khi-tam-nguoi-dan-ong-chem-hang-xom-trong-thuong-19824071912260841.htm
2024-07-19 11:31:00,TAND TP Hà Nội dựng khung rạp lớn để phục vụ hơn 30.000 nhà đầu tư tham dự phiên xét xử Trịnh Văn Quyết. Phiên tòa dự kiến có sự tham gia của nhiều bị cáo và nhân chứng liên quan đến vụ án lừa đảo và thao túng thị trường chứng khoán.,https://soha.vn/toa-dung-rap-phuc-vu-hon-30-nghin-nha-dau-tu-tham-du-phien-xet-xu-ong-trinh-van-quyet-198240719112634342.htm
2024-07-19 11:00:00,Một nam thanh niên điều khiển ô tô vượt đèn đỏ và hất CSGT lên nắp capo rồi bỏ chạy trên Quốc lộ 10. Công an TP Hải Phòng đang điều tra vụ việc chống người thi hành công vụ này. Nam thanh niên đã ra đầu thú sau khi được vận động.,https://soha.vn/nam-thanh-nien-hat-csgt-hai-phong-len-nap-capo-roi-bo-chay-198240719105515327.htm
2024-07-19 10:12:00,"Sau 7 ngày đêm, vượt hàng km, cảnh sát đã bắt giữ đối tượng đặc biệt nguy hiểm Đinh Xuân Sáng, khi hắn chỉ còn cách biên giới vài bước chân.",https://soha.vn/canh-sat-vuot-hang-nghin-km-bat-ke-ban-chet-co-gai-22-tuoi-o-ha-noi-nhu-the-nao-198240719101258639.htm
2024-07-19 08:21:00,"Cơ quan quản lý thị trường Hậu Giang thu giữ gần 80.000 cuốn sách giáo khoa giả từ lớp 1 - 12, theo giá trị trên bìa sách ghi ước tính hơn 1,3 tỷ đồng.",https://soha.vn/quan-ly-thi-truong-bat-gan-80000-cuon-sach-giao-khoa-gia-o-mien-tay-198240719071904088.htm
